{"0": "FINDINGS:   The lungs are clear, the cardiomediastinal silhouette and hila are normal.", "1": "There is no pleural effusion and no pneumothorax.", "2": "Left retrocardiac opacity has resolved compared to yesterday.", "3": "The lungs are clear without evidence of underlying interstitial lung disease or nodules.", "4": "FINDINGS:  Frontal and lateral chest radiographs demonstrate unremarkable cardiomediastinal and hilar contours.", "5": "No evidence of lymphadenopathy identified.", "6": "The current lung radiograph is normal.", "7": "No pleural effusions.", "8": "No pulmonary edema.", "9": "The pre-existing pneumonia has completely resolved.", "10": "Normal size of the cardiac silhouette.", "11": "PA AND LATERAL CHEST RADIOGRAPHS:  The lungs are clear.", "12": "There is no pulmonary edema or pleural effusions.", "13": "No confluent consolidation or pneumothorax is identified.", "14": "Cardiomediastinal and hilar contours are within normal limits.", "15": "Severe pulmonary hypertension accounts for most of the central vascular dilatation.", "16": "No pneumothorax.", "17": "There is mild atelectasis at the left lung base but no pulmonary edema or appreciable pleural effusion.", "18": "Heart size is normal.", "19": "Transvenous right atrial and right ventricular pacer leads are in standard placements.", "20": "The lungs demonstrate much improved pulmonary edema and no lobar consolidation.", "21": "Trace bilateral pleural effusions are seen.", "22": "There is no pneumothorax.", "23": "The mediastinal and hilar contours are unremarkable.", "24": "FINDINGS/IMPRESSION:  The heart size is at the upper limits of normal.", "25": "Substantial increase in severity of the pre-existing parenchymal opacities, the distribution is likely reflecting a combination of pneumonia and pulmonary edema.", "26": "The presence of small bilateral pleural effusions cannot be excluded.", "27": "Stable borderline size of the cardiac silhouette.", "28": "WET READ: ___ ___ ___ 9:41 AM  Moderate to severe cardiogenic pulmonary edema.", "29": "WET READ VERSION #1 ___ ___ ___ 9:11 AM  Moderate to severe cartilage ending pulmonary edema.", "30": "There diffuse alveolar opacities, right greater than left, with cardiomegaly and Kerley B lines consistent with moderate to severe pulmonary edema.", "31": "There are likely small mild pleural effusions.", "32": "Moderate to severe cardiogenic pulmonary edema.", "33": "There is no evidence of pneumothorax.", "34": "WET READ: ___ ___:___ PM  Low lung volumes exaggerating heart size and pulmonary vasculature.", "35": "Right pleural tube noted  with expected right subcutaneous air.", "36": "Mild pulmonary vascular plethora may reflect low lung volumes.", "37": "A right-sided chest tube is present.", "38": "Left lower lung  atelectasis.", "39": "There is left pleural effusion with underlying left lower lobe collapse and/or consolidation.", "40": "Left  costophrenic angle blunting, likely secondary to combination of elevated  hemidiaphragm and epicardial fat seen on ___ PET-CT.", "41": "CHEST, AP:  Lung volumes are low, with crowding of bronchovascular markings.", "42": "There are no significant pleural effusions or pneumothorax.", "43": "IMPRESSION:  Low lung volumes, without acute process.", "44": "There is no focal consolidation.", "45": "Heart size is normal.", "46": "No pleural effusion, pneumothorax, or focal density.", "47": "Mild vascular engorgement with peribronchial cuffing in the absence of cardiomegaly.", "48": "IMPRESSION:  Mild vascular congestion.", "49": "No radiographic evidence of pneumonia.", "50": "There is perhaps a minimal persistent central interstitial abnormality but no substantial edema.", "51": "Pulmonary edema has almost fully resolved.", "52": "No pleural effusion or pneumothorax is demonstrated.", "53": "Perhaps minimal residual congestive change, but no substantial pulmonary edema or evidence of pneumonia.", "54": "There is no focal opacity.", "55": "The heart is again mildly enlarged.", "56": "The pulmonary vasculature is normal.", "57": "There may be some increased atelectasis in the left lung base.", "58": "FINDINGS:  There is obscuration of the left hemidiaphragm, though this is not significantly changed from ___.", "59": "There is new retrocardiac opacity suggesting pneumonia.", "60": "IMPRESSION:  Chronic left basal opacity likely reflects atelectasis which may be slightly worse in the interval, with new retrocardiac opacity consistent with pneumonia.", "61": "A prosthetic aortic valve is again noted.", "62": "The cardiac silhouette is top normal in size, and unchanged compared with prior.", "63": "The mediastinal contours are notable for surgical clips and calcification of the aortic knob.", "64": "There is no pleural effusion or pneumothorax.", "65": "IMPRESSION:  Patchy opacities concerning for mild bronchopneumonia in the appropriate clinical setting.", "66": "The mediastinal and hilar contours appear within normal limits.", "67": "Similarly, there is a patchy posterior opacity projecting over the lower thoracic spine, most likely in the left lower lobe.", "68": "There is a streaky opacity projecting over the lingula.", "69": "FINDINGS:  The heart is normal in size.", "70": "Small right pneumothorax is a stable.", "71": "Large bilateral effusions larger on the left are grossly unchanged.", "72": "Vascular congestion mildly increased.", "73": "Pacer leads are in standard position.", "74": "No pleural effusions.", "75": "No pulmonary edema.", "76": "WET READ: ___ ___ ___ 12:55 AM  Mild bibasilar atelectasis.", "77": "No focal consolidations concerning for pneumonia  identified.", "78": "The current radiograph shows no evidence of pneumonia.", "79": "Normal size of the heart.", "80": "There is continued enlargement of the cardiac silhouette with elevation of pulmonary venous pressure and bilateral effusions with compressive atelectasis, especially substantial volume loss in the left lower lobe.", "81": "There is prominence of the pulmonary vasculature consistent with pulmonary edema, which is similar in extent as compared to ___, may be minimally improved as compared to ___.", "82": "Trace pleural effusion would be difficult to exclude.", "83": "The cardiomediastinal silhouette remains enlarged with the cardiac silhouette enlarged and the aorta tortuous.", "84": "Lung volumes are lower, making it difficult to exclude very mild interstitial edema.", "85": "There are no areas of likely pneumonia, and pleural effusions are small if any.", "86": "Severe cardiomegaly is stable.", "87": "Transvenous right ventricular pacer lead unchanged.", "88": "Minimal interstitial edema has developed in the interim.", "89": "No definitive pleural effusions noted.", "90": "No pneumothorax is seen.", "91": "Pacemaker leads terminate in right atrium and right ventricle as well as at the epicardial location of the left ventricle."}