{"0": [{"x": 62, "y": 109, "width": 179, "height": 309, "label": "right lung"}, {"x": 274, "y": 91, "width": 187, "height": 320, "label": "left lung"}], "1": [{"x": 62, "y": 109, "width": 179, "height": 309, "label": "right lung"}, {"x": 274, "y": 91, "width": 187, "height": 320, "label": "left lung"}], "2": [{"x": 62, "y": 109, "width": 179, "height": 309, "label": "right lung"}, {"x": 274, "y": 91, "width": 187, "height": 320, "label": "left lung"}], "3": [{"x": 62, "y": 109, "width": 179, "height": 309, "label": "right lung"}, {"x": 159, "y": 205, "width": 79, "height": 101, "label": "right hilar structures"}, {"x": 274, "y": 91, "width": 187, "height": 320, "label": "left lung"}, {"x": 279, "y": 207, "width": 88, "height": 96, "label": "left hilar structures"}], "4": [{"x": 62, "y": 109, "width": 179, "height": 309, "label": "right lung"}, {"x": 274, "y": 91, "width": 187, "height": 320, "label": "left lung"}], "5": [{"x": 62, "y": 109, "width": 179, "height": 309, "label": "right lung"}, {"x": 274, "y": 91, "width": 187, "height": 320, "label": "left lung"}], "6": [{"x": 208, "y": 269, "width": 214, "height": 135, "label": "cardiac silhouette"}], "7": [{"x": 82, "y": 93, "width": 203, "height": 354, "label": "right lung"}], "8": [{"x": 82, "y": 93, "width": 203, "height": 354, "label": "right lung"}], "9": [{"x": 82, "y": 93, "width": 203, "height": 354, "label": "right lung"}], "10": [{"x": 82, "y": 93, "width": 203, "height": 354, "label": "right lung"}], "11": [{"x": 82, "y": 93, "width": 203, "height": 354, "label": "right lung"}, {"x": 201, "y": 219, "width": 82, "height": 107, "label": "right hilar structures"}, {"x": 322, "y": 93, "width": 187, "height": 354, "label": "left lung"}, {"x": 324, "y": 219, "width": 82, "height": 107, "label": "left hilar structures"}], "12": [{"x": 82, "y": 93, "width": 203, "height": 354, "label": "right lung"}, {"x": 322, "y": 93, "width": 187, "height": 354, "label": "left lung"}], "13": [{"x": 82, "y": 93, "width": 203, "height": 354, "label": "right lung"}, {"x": 322, "y": 93, "width": 187, "height": 354, "label": "left lung"}], "14": [{"x": 322, "y": 93, "width": 187, "height": 354, "label": "left lung"}], "15": [{"x": 322, "y": 93, "width": 187, "height": 354, "label": "left lung"}], "16": [{"x": 322, "y": 93, "width": 187, "height": 354, "label": "left lung"}], "17": [{"x": 249, "y": 252, "width": 178, "height": 173, "label": "cardiac silhouette"}], "18": [{"x": 249, "y": 252, "width": 178, "height": 173, "label": "cardiac silhouette"}], "19": [{"x": 107, "y": 16, "width": 178, "height": 354, "label": "right lung"}, {"x": 196, "y": 189, "width": 85, "height": 85, "label": "right hilar structures"}, {"x": 310, "y": 16, "width": 197, "height": 456, "label": "left lung"}, {"x": 313, "y": 181, "width": 96, "height": 140, "label": "left hilar structures"}], "20": [{"x": 107, "y": 16, "width": 178, "height": 354, "label": "right lung"}, {"x": 196, "y": 189, "width": 85, "height": 85, "label": "right hilar structures"}, {"x": 310, "y": 16, "width": 197, "height": 456, "label": "left lung"}, {"x": 313, "y": 181, "width": 96, "height": 140, "label": "left hilar structures"}], "21": [{"x": 107, "y": 16, "width": 178, "height": 354, "label": "right lung"}, {"x": 310, "y": 16, "width": 197, "height": 456, "label": "left lung"}], "22": [{"x": 246, "y": 244, "width": 229, "height": 195, "label": "cardiac silhouette"}], "23": [{"x": 50, "y": 30, "width": 173, "height": 365, "label": "right lung"}, {"x": 143, "y": 164, "width": 78, "height": 107, "label": "right hilar structures"}, {"x": 256, "y": 32, "width": 173, "height": 396, "label": "left lung"}, {"x": 258, "y": 161, "width": 75, "height": 127, "label": "left hilar structures"}], "24": [{"x": 50, "y": 30, "width": 173, "height": 365, "label": "right lung"}, {"x": 256, "y": 32, "width": 173, "height": 396, "label": "left lung"}], "25": [{"x": 50, "y": 30, "width": 173, "height": 365, "label": "right lung"}, {"x": 256, "y": 32, "width": 173, "height": 396, "label": "left lung"}], "26": [{"x": 143, "y": 164, "width": 78, "height": 107, "label": "right hilar structures"}, {"x": 258, "y": 161, "width": 75, "height": 127, "label": "left hilar structures"}], "27": [{"x": 157, "y": 225, "width": 222, "height": 167, "label": "cardiac silhouette"}], "28": [{"x": 38, "y": 77, "width": 206, "height": 313, "label": "right lung"}, {"x": 148, "y": 182, "width": 90, "height": 101, "label": "right hilar structures"}, {"x": 271, "y": 79, "width": 203, "height": 305, "label": "left lung"}, {"x": 271, "y": 185, "width": 88, "height": 91, "label": "left hilar structures"}], "29": [{"x": 38, "y": 77, "width": 206, "height": 313, "label": "right lung"}, {"x": 271, "y": 79, "width": 203, "height": 305, "label": "left lung"}], "30": [{"x": 38, "y": 77, "width": 206, "height": 313, "label": "right lung"}, {"x": 271, "y": 79, "width": 203, "height": 305, "label": "left lung"}], "31": [{"x": 38, "y": 77, "width": 206, "height": 313, "label": "right lung"}, {"x": 271, "y": 79, "width": 203, "height": 305, "label": "left lung"}, {"x": 192, "y": 244, "width": 225, "height": 135, "label": "cardiac silhouette"}], "32": [{"x": 192, "y": 244, "width": 225, "height": 135, "label": "cardiac silhouette"}], "33": [{"x": 62, "y": 59, "width": 179, "height": 212, "label": "right lung"}, {"x": 153, "y": 150, "width": 83, "height": 57, "label": "right hilar structures"}, {"x": 271, "y": 64, "width": 192, "height": 274, "label": "left lung"}, {"x": 271, "y": 146, "width": 85, "height": 89, "label": "left hilar structures"}], "34": [{"x": 62, "y": 59, "width": 179, "height": 212, "label": "right lung"}, {"x": 271, "y": 64, "width": 192, "height": 274, "label": "left lung"}], "35": [{"x": 62, "y": 59, "width": 179, "height": 212, "label": "right lung"}], "36": [{"x": 62, "y": 59, "width": 179, "height": 212, "label": "right lung"}], "37": [{"x": 62, "y": 59, "width": 179, "height": 212, "label": "right lung"}], "38": [{"x": 62, "y": 59, "width": 179, "height": 212, "label": "right lung"}, {"x": 271, "y": 64, "width": 192, "height": 274, "label": "left lung"}], "39": [{"x": 194, "y": 198, "width": 228, "height": 103, "label": "cardiac silhouette"}], "40": [{"x": 194, "y": 198, "width": 228, "height": 103, "label": "cardiac silhouette"}], "41": [{"x": 59, "y": 46, "width": 190, "height": 448, "label": "right lung"}, {"x": 160, "y": 186, "width": 84, "height": 146, "label": "right hilar structures"}, {"x": 281, "y": 49, "width": 189, "height": 442, "label": "left lung"}, {"x": 281, "y": 186, "width": 82, "height": 143, "label": "left hilar structures"}], "42": [{"x": 59, "y": 46, "width": 190, "height": 448, "label": "right lung"}, {"x": 281, "y": 49, "width": 189, "height": 442, "label": "left lung"}], "43": [{"x": 59, "y": 46, "width": 190, "height": 448, "label": "right lung"}, {"x": 281, "y": 49, "width": 189, "height": 442, "label": "left lung"}], "44": [{"x": 59, "y": 46, "width": 190, "height": 448, "label": "right lung"}, {"x": 281, "y": 49, "width": 189, "height": 442, "label": "left lung"}, {"x": 210, "y": 260, "width": 169, "height": 165, "label": "cardiac silhouette"}], "45": [{"x": 160, "y": 186, "width": 84, "height": 146, "label": "right hilar structures"}, {"x": 281, "y": 186, "width": 82, "height": 143, "label": "left hilar structures"}], "46": [{"x": 210, "y": 260, "width": 169, "height": 165, "label": "cardiac silhouette"}], "47": [{"x": 82, "y": 111, "width": 132, "height": 371, "label": "right lung"}, {"x": 148, "y": 213, "width": 66, "height": 125, "label": "right hilar structures"}, {"x": 226, "y": 72, "width": 201, "height": 338, "label": "left lung"}, {"x": 239, "y": 220, "width": 99, "height": 85, "label": "left hilar structures"}], "48": [{"x": 82, "y": 111, "width": 132, "height": 371, "label": "right lung"}, {"x": 148, "y": 213, "width": 66, "height": 125, "label": "right hilar structures"}, {"x": 226, "y": 72, "width": 201, "height": 338, "label": "left lung"}, {"x": 239, "y": 220, "width": 99, "height": 85, "label": "left hilar structures"}], "49": [{"x": 82, "y": 111, "width": 132, "height": 371, "label": "right lung"}, {"x": 226, "y": 72, "width": 201, "height": 338, "label": "left lung"}], "50": [{"x": 82, "y": 111, "width": 132, "height": 371, "label": "right lung"}, {"x": 148, "y": 213, "width": 66, "height": 125, "label": "right hilar structures"}, {"x": 226, "y": 72, "width": 201, "height": 338, "label": "left lung"}, {"x": 239, "y": 220, "width": 99, "height": 85, "label": "left hilar structures"}], "51": [{"x": 82, "y": 111, "width": 132, "height": 371, "label": "right lung"}, {"x": 226, "y": 72, "width": 201, "height": 338, "label": "left lung"}], "52": [{"x": 166, "y": 275, "width": 220, "height": 135, "label": "cardiac silhouette"}], "53": [{"x": 166, "y": 275, "width": 220, "height": 135, "label": "cardiac silhouette"}], "54": [{"x": 43, "y": 86, "width": 222, "height": 311, "label": "right lung"}, {"x": 296, "y": 82, "width": 205, "height": 308, "label": "left lung"}], "55": [{"x": 43, "y": 86, "width": 222, "height": 311, "label": "right lung"}, {"x": 167, "y": 185, "width": 93, "height": 100, "label": "right hilar structures"}, {"x": 296, "y": 82, "width": 205, "height": 308, "label": "left lung"}, {"x": 296, "y": 187, "width": 90, "height": 96, "label": "left hilar structures"}, {"x": 213, "y": 253, "width": 220, "height": 133, "label": "cardiac silhouette"}], "56": [{"x": 43, "y": 86, "width": 222, "height": 311, "label": "right lung"}, {"x": 296, "y": 82, "width": 205, "height": 308, "label": "left lung"}], "57": [{"x": 54, "y": 64, "width": 201, "height": 372, "label": "right lung"}, {"x": 161, "y": 173, "width": 91, "height": 124, "label": "right hilar structures"}, {"x": 291, "y": 68, "width": 214, "height": 384, "label": "left lung"}, {"x": 291, "y": 171, "width": 96, "height": 132, "label": "left hilar structures"}], "58": [{"x": 54, "y": 64, "width": 201, "height": 372, "label": "right lung"}, {"x": 291, "y": 68, "width": 214, "height": 384, "label": "left lung"}], "59": [{"x": 54, "y": 64, "width": 201, "height": 372, "label": "right lung"}, {"x": 291, "y": 68, "width": 214, "height": 384, "label": "left lung"}], "60": [{"x": 216, "y": 235, "width": 182, "height": 137, "label": "cardiac silhouette"}], "61": [{"x": 54, "y": 54, "width": 187, "height": 380, "label": "right lung"}, {"x": 271, "y": 54, "width": 168, "height": 373, "label": "left lung"}], "62": [{"x": 54, "y": 54, "width": 187, "height": 380, "label": "right lung"}, {"x": 153, "y": 157, "width": 85, "height": 133, "label": "right hilar structures"}, {"x": 271, "y": 54, "width": 168, "height": 373, "label": "left lung"}, {"x": 271, "y": 160, "width": 83, "height": 128, "label": "left hilar structures"}], "63": [{"x": 54, "y": 54, "width": 187, "height": 380, "label": "right lung"}, {"x": 271, "y": 54, "width": 168, "height": 373, "label": "left lung"}], "64": [{"x": 54, "y": 54, "width": 187, "height": 380, "label": "right lung"}, {"x": 271, "y": 54, "width": 168, "height": 373, "label": "left lung"}, {"x": 197, "y": 235, "width": 173, "height": 130, "label": "cardiac silhouette"}], "65": [{"x": 153, "y": 157, "width": 85, "height": 133, "label": "right hilar structures"}, {"x": 271, "y": 160, "width": 83, "height": 128, "label": "left hilar structures"}, {"x": 197, "y": 235, "width": 173, "height": 130, "label": "cardiac silhouette"}], "66": [{"x": 24, "y": 84, "width": 187, "height": 290, "label": "right lung"}, {"x": 115, "y": 178, "width": 90, "height": 91, "label": "right hilar structures"}, {"x": 244, "y": 77, "width": 200, "height": 288, "label": "left lung"}, {"x": 247, "y": 178, "width": 101, "height": 87, "label": "left hilar structures"}, {"x": 150, "y": 223, "width": 264, "height": 122, "label": "cardiac silhouette"}], "67": [{"x": 244, "y": 77, "width": 200, "height": 288, "label": "left lung"}], "68": [{"x": 38, "y": 75, "width": 195, "height": 338, "label": "right lung"}, {"x": 145, "y": 192, "width": 82, "height": 105, "label": "right hilar structures"}, {"x": 271, "y": 82, "width": 198, "height": 336, "label": "left lung"}, {"x": 271, "y": 192, "width": 85, "height": 105, "label": "left hilar structures"}], "69": [{"x": 38, "y": 75, "width": 195, "height": 338, "label": "right lung"}, {"x": 271, "y": 82, "width": 198, "height": 336, "label": "left lung"}], "70": [{"x": 38, "y": 75, "width": 195, "height": 338, "label": "right lung"}, {"x": 271, "y": 82, "width": 198, "height": 336, "label": "left lung"}, {"x": 197, "y": 256, "width": 203, "height": 141, "label": "cardiac silhouette"}], "71": [{"x": 145, "y": 192, "width": 82, "height": 105, "label": "right hilar structures"}, {"x": 271, "y": 192, "width": 85, "height": 105, "label": "left hilar structures"}], "72": [{"x": 271, "y": 82, "width": 198, "height": 336, "label": "left lung"}], "73": [{"x": 197, "y": 256, "width": 203, "height": 141, "label": "cardiac silhouette"}], "74": [{"x": 32, "y": 79, "width": 196, "height": 393, "label": "right lung"}, {"x": 256, "y": 82, "width": 201, "height": 406, "label": "left lung"}], "75": [{"x": 32, "y": 79, "width": 196, "height": 393, "label": "right lung"}, {"x": 146, "y": 214, "width": 82, "height": 120, "label": "right hilar structures"}, {"x": 256, "y": 82, "width": 201, "height": 406, "label": "left lung"}, {"x": 258, "y": 214, "width": 84, "height": 129, "label": "left hilar structures"}, {"x": 192, "y": 282, "width": 189, "height": 162, "label": "cardiac silhouette"}], "76": [{"x": 32, "y": 79, "width": 196, "height": 393, "label": "right lung"}, {"x": 256, "y": 82, "width": 201, "height": 406, "label": "left lung"}], "77": [{"x": 32, "y": 79, "width": 196, "height": 393, "label": "right lung"}, {"x": 256, "y": 82, "width": 201, "height": 406, "label": "left lung"}], "78": [{"x": 32, "y": 79, "width": 196, "height": 393, "label": "right lung"}, {"x": 256, "y": 82, "width": 201, "height": 406, "label": "left lung"}], "79": [{"x": 68, "y": 54, "width": 178, "height": 333, "label": "right lung"}, {"x": 271, "y": 60, "width": 181, "height": 343, "label": "left lung"}, {"x": 205, "y": 241, "width": 174, "height": 148, "label": "cardiac silhouette"}], "80": [{"x": 68, "y": 54, "width": 178, "height": 333, "label": "right lung"}, {"x": 271, "y": 60, "width": 181, "height": 343, "label": "left lung"}], "81": [{"x": 68, "y": 54, "width": 178, "height": 333, "label": "right lung"}, {"x": 166, "y": 181, "width": 76, "height": 96, "label": "right hilar structures"}, {"x": 271, "y": 60, "width": 181, "height": 343, "label": "left lung"}, {"x": 271, "y": 178, "width": 76, "height": 104, "label": "left hilar structures"}, {"x": 205, "y": 241, "width": 174, "height": 148, "label": "cardiac silhouette"}], "82": [{"x": 68, "y": 54, "width": 178, "height": 333, "label": "right lung"}, {"x": 271, "y": 60, "width": 181, "height": 343, "label": "left lung"}], "83": [{"x": 68, "y": 54, "width": 178, "height": 333, "label": "right lung"}, {"x": 271, "y": 60, "width": 181, "height": 343, "label": "left lung"}, {"x": 205, "y": 241, "width": 174, "height": 148, "label": "cardiac silhouette"}], "84": [{"x": 19, "y": 82, "width": 214, "height": 327, "label": "right lung"}, {"x": 266, "y": 93, "width": 200, "height": 327, "label": "left lung"}], "85": [{"x": 19, "y": 82, "width": 214, "height": 327, "label": "right lung"}, {"x": 266, "y": 93, "width": 200, "height": 327, "label": "left lung"}], "86": [{"x": 19, "y": 82, "width": 214, "height": 327, "label": "right lung"}, {"x": 266, "y": 93, "width": 200, "height": 327, "label": "left lung"}, {"x": 183, "y": 256, "width": 205, "height": 128, "label": "cardiac silhouette"}], "87": [{"x": 133, "y": 201, "width": 94, "height": 100, "label": "right hilar structures"}, {"x": 266, "y": 201, "width": 92, "height": 102, "label": "left hilar structures"}, {"x": 183, "y": 256, "width": 205, "height": 128, "label": "cardiac silhouette"}], "88": [{"x": 45, "y": 11, "width": 183, "height": 411, "label": "right lung"}, {"x": 246, "y": 6, "width": 162, "height": 414, "label": "left lung"}, {"x": 173, "y": 230, "width": 172, "height": 167, "label": "cardiac silhouette"}], "89": [{"x": 45, "y": 11, "width": 183, "height": 411, "label": "right lung"}, {"x": 143, "y": 139, "width": 78, "height": 135, "label": "right hilar structures"}, {"x": 246, "y": 6, "width": 162, "height": 414, "label": "left lung"}, {"x": 249, "y": 139, "width": 77, "height": 132, "label": "left hilar structures"}], "90": [{"x": 45, "y": 11, "width": 183, "height": 411, "label": "right lung"}, {"x": 246, "y": 6, "width": 162, "height": 414, "label": "left lung"}], "91": [{"x": 45, "y": 11, "width": 183, "height": 411, "label": "right lung"}, {"x": 143, "y": 139, "width": 78, "height": 135, "label": "right hilar structures"}, {"x": 246, "y": 6, "width": 162, "height": 414, "label": "left lung"}, {"x": 249, "y": 139, "width": 77, "height": 132, "label": "left hilar structures"}], "92": [{"x": 45, "y": 11, "width": 183, "height": 411, "label": "right lung"}, {"x": 246, "y": 6, "width": 162, "height": 414, "label": "left lung"}], "93": [{"x": 45, "y": 11, "width": 183, "height": 411, "label": "right lung"}, {"x": 246, "y": 6, "width": 162, "height": 414, "label": "left lung"}], "94": [{"x": 76, "y": 91, "width": 179, "height": 265, "label": "right lung"}, {"x": 167, "y": 210, "width": 82, "height": 68, "label": "right hilar structures"}, {"x": 285, "y": 79, "width": 184, "height": 275, "label": "left lung"}, {"x": 285, "y": 210, "width": 88, "height": 68, "label": "left hilar structures"}], "95": [{"x": 76, "y": 91, "width": 179, "height": 265, "label": "right lung"}, {"x": 285, "y": 79, "width": 184, "height": 275, "label": "left lung"}, {"x": 189, "y": 237, "width": 236, "height": 112, "label": "cardiac silhouette"}], "96": [{"x": 76, "y": 91, "width": 179, "height": 265, "label": "right lung"}, {"x": 285, "y": 79, "width": 184, "height": 275, "label": "left lung"}], "97": [{"x": 72, "y": 82, "width": 170, "height": 306, "label": "right lung"}, {"x": 267, "y": 79, "width": 144, "height": 327, "label": "left lung"}], "98": [{"x": 72, "y": 82, "width": 170, "height": 306, "label": "right lung"}, {"x": 162, "y": 210, "width": 77, "height": 84, "label": "right hilar structures"}, {"x": 267, "y": 79, "width": 144, "height": 327, "label": "left lung"}, {"x": 267, "y": 210, "width": 71, "height": 91, "label": "left hilar structures"}], "99": [{"x": 72, "y": 82, "width": 170, "height": 306, "label": "right lung"}, {"x": 267, "y": 79, "width": 144, "height": 327, "label": "left lung"}, {"x": 194, "y": 246, "width": 185, "height": 119, "label": "cardiac silhouette"}], "100": [{"x": 162, "y": 210, "width": 77, "height": 84, "label": "right hilar structures"}, {"x": 267, "y": 210, "width": 71, "height": 91, "label": "left hilar structures"}, {"x": 194, "y": 246, "width": 185, "height": 119, "label": "cardiac silhouette"}], "101": [{"x": 194, "y": 246, "width": 185, "height": 119, "label": "cardiac silhouette"}], "102": [{"x": 13, "y": 79, "width": 201, "height": 343, "label": "right lung"}], "103": [{"x": 13, "y": 79, "width": 201, "height": 343, "label": "right lung"}], "104": [{"x": 13, "y": 79, "width": 201, "height": 343, "label": "right lung"}, {"x": 255, "y": 77, "width": 228, "height": 311, "label": "left lung"}], "105": [{"x": 13, "y": 79, "width": 201, "height": 343, "label": "right lung"}], "106": [{"x": 129, "y": 173, "width": 85, "height": 119, "label": "right hilar structures"}, {"x": 258, "y": 175, "width": 96, "height": 101, "label": "left hilar structures"}], "107": [{"x": 175, "y": 244, "width": 217, "height": 130, "label": "cardiac silhouette"}]}