{"0": [{"x": 32, "y": 82, "width": 210, "height": 431, "label": "right lung"}, {"x": 150, "y": 263, "width": 87, "height": 121, "label": "right hilar structures"}, {"x": 269, "y": 82, "width": 194, "height": 445, "label": "left lung"}, {"x": 271, "y": 263, "width": 87, "height": 124, "label": "left hilar structures"}, {"x": 192, "y": 318, "width": 205, "height": 178, "label": "cardiac silhouette"}], "1": [{"x": 32, "y": 82, "width": 210, "height": 431, "label": "right lung"}, {"x": 269, "y": 82, "width": 194, "height": 445, "label": "left lung"}], "2": [{"x": 269, "y": 82, "width": 194, "height": 445, "label": "left lung"}], "3": [{"x": 76, "y": 29, "width": 192, "height": 357, "label": "right lung"}, {"x": 298, "y": 25, "width": 173, "height": 383, "label": "left lung"}], "4": [{"x": 172, "y": 139, "width": 90, "height": 116, "label": "right hilar structures"}, {"x": 298, "y": 139, "width": 85, "height": 128, "label": "left hilar structures"}, {"x": 230, "y": 198, "width": 150, "height": 130, "label": "cardiac silhouette"}], "5": [{"x": 172, "y": 139, "width": 90, "height": 116, "label": "right hilar structures"}, {"x": 298, "y": 139, "width": 85, "height": 128, "label": "left hilar structures"}], "6": [{"x": 74, "y": 41, "width": 162, "height": 393, "label": "right lung"}, {"x": 271, "y": 38, "width": 173, "height": 416, "label": "left lung"}], "7": [{"x": 74, "y": 41, "width": 162, "height": 393, "label": "right lung"}, {"x": 271, "y": 38, "width": 173, "height": 416, "label": "left lung"}], "8": [{"x": 74, "y": 41, "width": 162, "height": 393, "label": "right lung"}, {"x": 156, "y": 166, "width": 77, "height": 128, "label": "right hilar structures"}, {"x": 271, "y": 38, "width": 173, "height": 416, "label": "left lung"}, {"x": 271, "y": 164, "width": 80, "height": 137, "label": "left hilar structures"}], "9": [{"x": 74, "y": 41, "width": 162, "height": 393, "label": "right lung"}, {"x": 271, "y": 38, "width": 173, "height": 416, "label": "left lung"}], "10": [{"x": 214, "y": 228, "width": 145, "height": 146, "label": "cardiac silhouette"}], "11": [{"x": 21, "y": 64, "width": 206, "height": 427, "label": "right lung"}, {"x": 260, "y": 61, "width": 220, "height": 430, "label": "left lung"}], "12": [{"x": 21, "y": 64, "width": 206, "height": 427, "label": "right lung"}, {"x": 120, "y": 194, "width": 102, "height": 139, "label": "right hilar structures"}, {"x": 260, "y": 61, "width": 220, "height": 430, "label": "left lung"}, {"x": 260, "y": 194, "width": 107, "height": 139, "label": "left hilar structures"}], "13": [{"x": 21, "y": 64, "width": 206, "height": 427, "label": "right lung"}, {"x": 260, "y": 61, "width": 220, "height": 430, "label": "left lung"}], "14": [{"x": 120, "y": 194, "width": 102, "height": 139, "label": "right hilar structures"}, {"x": 260, "y": 194, "width": 107, "height": 139, "label": "left hilar structures"}, {"x": 192, "y": 265, "width": 195, "height": 157, "label": "cardiac silhouette"}], "15": [{"x": 59, "y": 62, "width": 194, "height": 379, "label": "right lung"}, {"x": 267, "y": 62, "width": 178, "height": 368, "label": "left lung"}], "16": [{"x": 59, "y": 62, "width": 194, "height": 379, "label": "right lung"}, {"x": 267, "y": 62, "width": 178, "height": 368, "label": "left lung"}], "17": [{"x": 59, "y": 62, "width": 194, "height": 379, "label": "right lung"}, {"x": 150, "y": 216, "width": 89, "height": 105, "label": "right hilar structures"}, {"x": 267, "y": 62, "width": 178, "height": 368, "label": "left lung"}, {"x": 267, "y": 216, "width": 87, "height": 102, "label": "left hilar structures"}], "18": [{"x": 185, "y": 285, "width": 228, "height": 162, "label": "cardiac silhouette"}], "19": [{"x": 185, "y": 285, "width": 228, "height": 162, "label": "cardiac silhouette"}], "20": [{"x": 5, "y": 70, "width": 248, "height": 402, "label": "right lung"}, {"x": 139, "y": 216, "width": 103, "height": 122, "label": "right hilar structures"}, {"x": 276, "y": 79, "width": 213, "height": 414, "label": "left lung"}, {"x": 278, "y": 214, "width": 92, "height": 133, "label": "left hilar structures"}], "21": [{"x": 5, "y": 70, "width": 248, "height": 402, "label": "right lung"}, {"x": 276, "y": 79, "width": 213, "height": 414, "label": "left lung"}], "22": [{"x": 5, "y": 70, "width": 248, "height": 402, "label": "right lung"}, {"x": 276, "y": 79, "width": 213, "height": 414, "label": "left lung"}], "23": [{"x": 139, "y": 216, "width": 103, "height": 122, "label": "right hilar structures"}, {"x": 278, "y": 214, "width": 92, "height": 133, "label": "left hilar structures"}], "24": [{"x": 176, "y": 301, "width": 251, "height": 190, "label": "cardiac silhouette"}], "25": [{"x": 98, "y": 43, "width": 178, "height": 349, "label": "right lung"}, {"x": 182, "y": 178, "width": 83, "height": 101, "label": "right hilar structures"}, {"x": 299, "y": 57, "width": 144, "height": 338, "label": "left lung"}, {"x": 299, "y": 178, "width": 59, "height": 101, "label": "left hilar structures"}], "26": [{"x": 98, "y": 43, "width": 178, "height": 349, "label": "right lung"}, {"x": 299, "y": 57, "width": 144, "height": 338, "label": "left lung"}], "27": [{"x": 191, "y": 247, "width": 181, "height": 153, "label": "cardiac silhouette"}], "28": [{"x": 65, "y": 73, "width": 269, "height": 292, "label": "right lung"}, {"x": 279, "y": 175, "width": 47, "height": 87, "label": "right hilar structures"}, {"x": 321, "y": 93, "width": 159, "height": 265, "label": "left lung"}, {"x": 326, "y": 175, "width": 80, "height": 87, "label": "left hilar structures"}, {"x": 244, "y": 224, "width": 189, "height": 109, "label": "cardiac silhouette"}], "29": [{"x": 65, "y": 73, "width": 269, "height": 292, "label": "right lung"}, {"x": 279, "y": 175, "width": 47, "height": 87, "label": "right hilar structures"}, {"x": 321, "y": 93, "width": 159, "height": 265, "label": "left lung"}, {"x": 326, "y": 175, "width": 80, "height": 87, "label": "left hilar structures"}], "30": [{"x": 65, "y": 73, "width": 269, "height": 292, "label": "right lung"}, {"x": 279, "y": 175, "width": 47, "height": 87, "label": "right hilar structures"}, {"x": 321, "y": 93, "width": 159, "height": 265, "label": "left lung"}, {"x": 326, "y": 175, "width": 80, "height": 87, "label": "left hilar structures"}, {"x": 244, "y": 224, "width": 189, "height": 109, "label": "cardiac silhouette"}], "31": [{"x": 65, "y": 73, "width": 269, "height": 292, "label": "right lung"}, {"x": 321, "y": 93, "width": 159, "height": 265, "label": "left lung"}], "32": [{"x": 65, "y": 73, "width": 269, "height": 292, "label": "right lung"}, {"x": 279, "y": 175, "width": 47, "height": 87, "label": "right hilar structures"}, {"x": 321, "y": 93, "width": 159, "height": 265, "label": "left lung"}, {"x": 326, "y": 175, "width": 80, "height": 87, "label": "left hilar structures"}, {"x": 244, "y": 224, "width": 189, "height": 109, "label": "cardiac silhouette"}], "33": [{"x": 65, "y": 73, "width": 269, "height": 292, "label": "right lung"}, {"x": 321, "y": 93, "width": 159, "height": 265, "label": "left lung"}], "34": [{"x": 82, "y": 96, "width": 155, "height": 291, "label": "right lung"}, {"x": 269, "y": 107, "width": 126, "height": 258, "label": "left lung"}, {"x": 175, "y": 258, "width": 252, "height": 145, "label": "cardiac silhouette"}], "35": [{"x": 82, "y": 96, "width": 155, "height": 291, "label": "right lung"}], "36": [{"x": 82, "y": 96, "width": 155, "height": 291, "label": "right lung"}, {"x": 162, "y": 219, "width": 66, "height": 77, "label": "right hilar structures"}, {"x": 269, "y": 107, "width": 126, "height": 258, "label": "left lung"}, {"x": 269, "y": 219, "width": 64, "height": 69, "label": "left hilar structures"}], "37": [{"x": 82, "y": 96, "width": 155, "height": 291, "label": "right lung"}], "38": [{"x": 269, "y": 107, "width": 126, "height": 258, "label": "left lung"}], "39": [{"x": 269, "y": 107, "width": 126, "height": 258, "label": "left lung"}], "40": [{"x": 269, "y": 107, "width": 126, "height": 258, "label": "left lung"}, {"x": 175, "y": 258, "width": 252, "height": 145, "label": "cardiac silhouette"}], "41": [{"x": 77, "y": 49, "width": 144, "height": 266, "label": "right lung"}, {"x": 153, "y": 175, "width": 68, "height": 66, "label": "right hilar structures"}, {"x": 246, "y": 38, "width": 135, "height": 302, "label": "left lung"}, {"x": 246, "y": 175, "width": 69, "height": 77, "label": "left hilar structures"}], "42": [{"x": 77, "y": 49, "width": 144, "height": 266, "label": "right lung"}, {"x": 246, "y": 38, "width": 135, "height": 302, "label": "left lung"}], "43": [{"x": 77, "y": 49, "width": 144, "height": 266, "label": "right lung"}, {"x": 246, "y": 38, "width": 135, "height": 302, "label": "left lung"}], "44": [{"x": 77, "y": 49, "width": 144, "height": 266, "label": "right lung"}, {"x": 246, "y": 38, "width": 135, "height": 302, "label": "left lung"}], "45": [{"x": 187, "y": 216, "width": 165, "height": 132, "label": "cardiac silhouette"}], "46": [{"x": 79, "y": 90, "width": 174, "height": 335, "label": "right lung"}, {"x": 278, "y": 90, "width": 190, "height": 365, "label": "left lung"}], "47": [{"x": 79, "y": 90, "width": 174, "height": 335, "label": "right lung"}, {"x": 171, "y": 222, "width": 78, "height": 96, "label": "right hilar structures"}, {"x": 278, "y": 90, "width": 190, "height": 365, "label": "left lung"}, {"x": 283, "y": 219, "width": 82, "height": 110, "label": "left hilar structures"}, {"x": 217, "y": 291, "width": 210, "height": 178, "label": "cardiac silhouette"}], "48": [{"x": 79, "y": 90, "width": 174, "height": 335, "label": "right lung"}, {"x": 171, "y": 222, "width": 78, "height": 96, "label": "right hilar structures"}, {"x": 278, "y": 90, "width": 190, "height": 365, "label": "left lung"}, {"x": 283, "y": 219, "width": 82, "height": 110, "label": "left hilar structures"}], "49": [{"x": 79, "y": 90, "width": 174, "height": 335, "label": "right lung"}, {"x": 278, "y": 90, "width": 190, "height": 365, "label": "left lung"}], "50": [{"x": 47, "y": 0, "width": 211, "height": 441, "label": "right lung"}, {"x": 162, "y": 145, "width": 91, "height": 140, "label": "right hilar structures"}, {"x": 285, "y": 0, "width": 188, "height": 436, "label": "left lung"}, {"x": 288, "y": 145, "width": 84, "height": 140, "label": "left hilar structures"}], "51": [{"x": 47, "y": 0, "width": 211, "height": 441, "label": "right lung"}, {"x": 162, "y": 145, "width": 91, "height": 140, "label": "right hilar structures"}, {"x": 285, "y": 0, "width": 188, "height": 436, "label": "left lung"}, {"x": 288, "y": 145, "width": 84, "height": 140, "label": "left hilar structures"}], "52": [{"x": 47, "y": 0, "width": 211, "height": 441, "label": "right lung"}, {"x": 285, "y": 0, "width": 188, "height": 436, "label": "left lung"}], "53": [{"x": 47, "y": 0, "width": 211, "height": 441, "label": "right lung"}, {"x": 162, "y": 145, "width": 91, "height": 140, "label": "right hilar structures"}, {"x": 285, "y": 0, "width": 188, "height": 436, "label": "left lung"}, {"x": 288, "y": 145, "width": 84, "height": 140, "label": "left hilar structures"}], "54": [{"x": 47, "y": 0, "width": 211, "height": 441, "label": "right lung"}, {"x": 285, "y": 0, "width": 188, "height": 436, "label": "left lung"}], "55": [{"x": 192, "y": 230, "width": 217, "height": 184, "label": "cardiac silhouette"}], "56": [{"x": 10, "y": 45, "width": 250, "height": 311, "label": "right lung"}, {"x": 150, "y": 175, "width": 102, "height": 85, "label": "right hilar structures"}, {"x": 291, "y": 47, "width": 203, "height": 359, "label": "left lung"}, {"x": 291, "y": 173, "width": 87, "height": 108, "label": "left hilar structures"}], "57": [{"x": 291, "y": 47, "width": 203, "height": 359, "label": "left lung"}], "58": [{"x": 291, "y": 47, "width": 203, "height": 359, "label": "left lung"}], "59": [{"x": 291, "y": 47, "width": 203, "height": 359, "label": "left lung"}], "60": [{"x": 291, "y": 47, "width": 203, "height": 359, "label": "left lung"}], "61": [{"x": 172, "y": 233, "width": 242, "height": 137, "label": "cardiac silhouette"}], "62": [{"x": 172, "y": 233, "width": 242, "height": 137, "label": "cardiac silhouette"}], "63": [{"x": 172, "y": 233, "width": 242, "height": 137, "label": "cardiac silhouette"}], "64": [{"x": 52, "y": 49, "width": 197, "height": 442, "label": "right lung"}, {"x": 276, "y": 49, "width": 185, "height": 464, "label": "left lung"}], "65": [{"x": 52, "y": 49, "width": 197, "height": 442, "label": "right lung"}, {"x": 276, "y": 49, "width": 185, "height": 464, "label": "left lung"}], "66": [{"x": 157, "y": 211, "width": 87, "height": 129, "label": "right hilar structures"}, {"x": 278, "y": 208, "width": 85, "height": 143, "label": "left hilar structures"}], "67": [{"x": 276, "y": 49, "width": 185, "height": 464, "label": "left lung"}], "68": [{"x": 276, "y": 49, "width": 185, "height": 464, "label": "left lung"}], "69": [{"x": 207, "y": 279, "width": 170, "height": 179, "label": "cardiac silhouette"}], "70": [{"x": 132, "y": 56, "width": 144, "height": 286, "label": "right lung"}], "71": [{"x": 132, "y": 56, "width": 144, "height": 286, "label": "right lung"}, {"x": 297, "y": 49, "width": 178, "height": 298, "label": "left lung"}], "72": [{"x": 132, "y": 56, "width": 144, "height": 286, "label": "right lung"}, {"x": 203, "y": 184, "width": 73, "height": 74, "label": "right hilar structures"}, {"x": 297, "y": 49, "width": 178, "height": 298, "label": "left lung"}, {"x": 303, "y": 184, "width": 78, "height": 77, "label": "left hilar structures"}], "73": [{"x": 233, "y": 241, "width": 153, "height": 165, "label": "cardiac silhouette"}], "74": [{"x": 68, "y": 124, "width": 151, "height": 379, "label": "right lung"}, {"x": 239, "y": 95, "width": 188, "height": 382, "label": "left lung"}], "75": [{"x": 68, "y": 124, "width": 151, "height": 379, "label": "right lung"}, {"x": 150, "y": 245, "width": 64, "height": 122, "label": "right hilar structures"}, {"x": 239, "y": 95, "width": 188, "height": 382, "label": "left lung"}, {"x": 242, "y": 245, "width": 75, "height": 110, "label": "left hilar structures"}], "76": [{"x": 68, "y": 124, "width": 151, "height": 379, "label": "right lung"}, {"x": 239, "y": 95, "width": 188, "height": 382, "label": "left lung"}], "77": [{"x": 68, "y": 124, "width": 151, "height": 379, "label": "right lung"}, {"x": 239, "y": 95, "width": 188, "height": 382, "label": "left lung"}], "78": [{"x": 68, "y": 124, "width": 151, "height": 379, "label": "right lung"}, {"x": 239, "y": 95, "width": 188, "height": 382, "label": "left lung"}], "79": [{"x": 182, "y": 312, "width": 160, "height": 159, "label": "cardiac silhouette"}], "80": [{"x": 66, "y": 0, "width": 203, "height": 400, "label": "right lung"}, {"x": 182, "y": 74, "width": 85, "height": 153, "label": "right hilar structures"}, {"x": 283, "y": 0, "width": 203, "height": 400, "label": "left lung"}, {"x": 285, "y": 74, "width": 85, "height": 153, "label": "left hilar structures"}, {"x": 223, "y": 194, "width": 190, "height": 190, "label": "cardiac silhouette"}], "81": [{"x": 13, "y": 61, "width": 203, "height": 320, "label": "right lung"}, {"x": 139, "y": 155, "width": 77, "height": 105, "label": "right hilar structures"}, {"x": 249, "y": 59, "width": 187, "height": 238, "label": "left lung"}, {"x": 255, "y": 162, "width": 82, "height": 64, "label": "left hilar structures"}], "82": [{"x": 13, "y": 61, "width": 203, "height": 320, "label": "right lung"}, {"x": 249, "y": 59, "width": 187, "height": 238, "label": "left lung"}], "83": [{"x": 150, "y": 212, "width": 212, "height": 126, "label": "cardiac silhouette"}], "84": [{"x": 84, "y": 79, "width": 212, "height": 337, "label": "right lung"}, {"x": 208, "y": 160, "width": 91, "height": 128, "label": "right hilar structures"}, {"x": 299, "y": 79, "width": 214, "height": 337, "label": "left lung"}, {"x": 299, "y": 160, "width": 90, "height": 128, "label": "left hilar structures"}], "85": [{"x": 84, "y": 79, "width": 212, "height": 337, "label": "right lung"}, {"x": 299, "y": 79, "width": 214, "height": 337, "label": "left lung"}], "86": [{"x": 216, "y": 226, "width": 272, "height": 178, "label": "cardiac silhouette"}], "87": [{"x": 216, "y": 226, "width": 272, "height": 178, "label": "cardiac silhouette"}], "88": [{"x": 57, "y": 38, "width": 178, "height": 434, "label": "right lung"}, {"x": 148, "y": 164, "width": 80, "height": 146, "label": "right hilar structures"}, {"x": 262, "y": 32, "width": 197, "height": 412, "label": "left lung"}, {"x": 265, "y": 167, "width": 87, "height": 129, "label": "left hilar structures"}], "89": [{"x": 57, "y": 38, "width": 178, "height": 434, "label": "right lung"}, {"x": 262, "y": 32, "width": 197, "height": 412, "label": "left lung"}], "90": [{"x": 57, "y": 38, "width": 178, "height": 434, "label": "right lung"}, {"x": 262, "y": 32, "width": 197, "height": 412, "label": "left lung"}], "91": [{"x": 182, "y": 244, "width": 224, "height": 162, "label": "cardiac silhouette"}]}