{"0": "There may be minimal pulmonary vascular congestion.", "1": "No large pleural effusion or pneumothorax is seen.", "2": "Linear opacities at the lung bases likely reflect areas of atelectasis.", "3": "Probable mild pulmonary vascular congestion and bibasilar atelectasis.", "4": "Heart size is at least moderately enlarged.", "5": "The heart is normal in size, and there is no vascular congestion or pleural effusion.", "6": "No acute focal pneumonia.", "7": "Compared to the prior chest x-ray, there is increase in perihilar edema suggesting worsening failure, though florid pulmonary edema is not present.", "8": "Right effusion is again noted.", "9": "The hemidiaphragm is obscured, probably due to a left effusion, but associated left atelectasis may also be present.", "10": "The heart remains markedly enlarged.", "11": "No pleural effusion, pulmonary edema, or pneumothorax is present.", "12": "IMPRESSION:  No evidence of acute cardiopulmonary process.", "13": "FINDINGS:  No focal opacity to suggest pneumonia is seen.", "14": "There is plate-like atelectasis at the right lower hemithorax.", "15": "The heart size is normal.", "16": "WET READ: ___ ___ 10:55 PM  No acute intrathoracic abnormality.", "17": "The cardiomediastinal silhouette and pulmonary vasculature are normal.", "18": "The lungs are clear.", "19": "There is no pleural effusion or pneumothorax.", "20": "No acute intrathoracic abnormality.", "21": "No pleural effusion or pneumothorax.", "22": "No pneumonia", "23": "The mediastinal silhouette and hilar contours are normal.", "24": "Frontal and lateral radiographs of the chest demonstrate normal heart size.", "25": "No additional focal pulmonary consolidation, edema, or mass.", "26": "Stable mild interstitial prominence.", "27": "Ill-defined mild retrocardiac opacity, may represent infiltrate.", "28": "Scarring at the left cardiophrenic angle.", "29": "Mild improvement in the lingular opacity.", "30": "1. Small area of mild retrocardiac opacity, infiltrate vs atelectasis.", "31": "2. Mild improvement in the lingular opacity.", "32": "Cardiomediastinal silhouette is within normal limits.", "33": "Lung volumes are low.", "34": "Pulmonary vasculature is not engorged.", "35": "No focal consolidation, pleural effusion or pneumothorax is identified.", "36": "No radiographic evidence for pneumonia.", "37": "Mediastinal and hilar contours are unremarkable.", "38": "Minimal atelectasis is noted in the left lung base.", "39": "Heart size is normal.", "40": "Shallow inspiration accentuates heart size, pulmonary vascularity.", "41": "Stable bilateral perihilar, basilar opacities, likely atelectasis.", "42": "Trace left pleural effusion, similar.", "43": "Mild pulmonary edema has developed since ___, accompanied by increase in moderate left pleural effusion, stable moderate right pleural effusion, at the expense of aeration of the lower lobes.", "44": "No pneumothorax.", "45": "Moderate to severe cardiomegaly stable.", "46": "Aspirated barium is again seen in the right middle and right lower lobes.", "47": "There are multiple patchy opacities in the right upper lobe, left upper lobe and left mid and lower lung concerning for multifocal pneumonia or aspiration.", "48": "Biapical pleural thickening is likely postinflammatory.", "49": "No pulmonary edema.", "50": "No pneumothorax.", "51": "Status post median sternotomy for CABG with stable postoperative cardiac and mediastinal contours.", "52": "No pulmonary edema.", "53": "No pleural effusions.", "54": "As compared to the previous image, there is unchanged presence of subtle any ill-defined bilateral parenchymal opacities, combines to a minimal locally increase in vascularity.", "55": "Borderline size of the cardiac silhouette.", "56": "Mild to moderate pulmonary edema has improved.", "57": "Opacities in the right lower lobe and left upper lobe have also improved consistent with improving atelectasis.", "58": "Patient's chin obscures the apices of the lungs.", "59": "Left lower lobe retrocardiac opacities are grossly unchanged a combination of pleural effusion and atelectasis.", "60": "Pacer leads are in standard position.", "61": "The lungs are clear.", "62": "There is no pleural effusion or pneumothorax.", "63": "IMPRESSION:  No acute intrathoracic process.", "64": "AP AND LATERAL VIEWS OF THE CHEST:  The cardiomediastinal and hilar contours are normal.", "65": "The pulmonary vasculature is normal.", "66": "Lungs are clear.", "67": "No pleural effusion or pneumothorax is seen.", "68": "No acute cardiopulmonary abnormality.", "69": "The mediastinal and hilar contours are normal.", "70": "Heart size is normal.", "71": "FINDINGS:  PA and lateral radiographs of the chest demonstrate clear lungs and normal hilar and cardiomediastinal contours.", "72": "There is no pneumothorax or pleural effusion.", "73": "Pulmonary vascularity is normal.", "74": "Low lung volumes are noted with crowding of bronchovascular markings.", "75": "There is no pleural effusion or pneumothorax.", "76": "Increased vascular congestion appears consistent with volume overload pattern.", "77": "PORTABLE AP CHEST RADIOGRAPH: Borderline cardiomegaly is noted.", "78": "Normal pleural surfaces.", "79": "Clear lungs.", "80": "No good evidence of aspiration pneumonia.", "81": "Normal cardiomediastinal and hilar silhouettes.", "82": "No definite pleural effusion seen on the right.", "83": "There is no focal consolidation.", "84": "There is no pneumothorax.", "85": "The cardiac, mediastinal and hilar contours are normal.", "86": "There is a small left pleural effusion.", "87": "IMPRESSION:  Small left pleural effusion.", "88": "In comparison with the study of ___, the bilateral pleural effusions are essentially unchanged, as are the underlying atelectatic areas.", "89": "Cardiac silhouette remains within normal limits and there is no evidence of vascular congestion or acute focal pneumonia."}