{"0": "Mild to moderate pulmonary edema is difficult to exclude given underpenetrated technique.", "1": "Stable cardiomegaly with probable mild to moderate pulmonary edema.", "2": "No convincing sign of pneumothorax.", "3": "Cardiomegaly is again noted.", "4": "No acute bony abnormality.", "5": "There is no pneumothorax or pleural effusion.", "6": "1. No pneumothorax.", "7": "The cardiomediastinal and hilar contours are within normal limits with calcification of the aortic knob.", "8": "The left upper lobe lesion appears smaller than on the prior studies, and the prior peripheral left upper lobe pneumonia is resolved.", "9": "Mild platelike atelectasis at the left lung base is noted.", "10": "2. Decrease in size of left upper lobe lesion.", "11": "Resolution of left upper lobe pneumonia.", "12": "The lungs are clear and the previously described opacity in the right lower lobe has resolved.", "13": "However, small bilateral pleural effusions are new.", "14": "IMPRESSION:  Small bilateral pleural effusions and evidence of supraclavicular, mediastinal, and hilar lymphadenopathy.", "15": "The hila, right paratracheal stripe, and supraclavicular fossae are also slightly enlarged.", "16": "The heart size is normal.", "17": "There is no appreciable pleural effusion or pneumothorax.", "18": "Apical scarring on the left is unchanged.", "19": "Tortuous aorta is unchanged.", "20": "Pes mediastinal shift is unchanged.", "21": "Heart size is normal.", "22": "The lungs are clear.", "23": "The pulmonary vasculature is normal.", "24": "IMPRESSION:  No acute cardiopulmonary process.", "25": "There is no effusion or pneumothorax.", "26": "FINDINGS:  Frontal and lateral chest radiographs compared with CT torso of ___ demonstrate a left chest mediport entering the left subclavian and terminating with its tip in the lower SVC.", "27": "The heart size is normal, the mediastinal contours are unremarkable.", "28": "No pleural effusion or pneumothorax is seen.", "29": "On the lateral view, there is opacity seen posteriorly that might potentially represent small amount of pleural effusion, pleural lesion or small Bochdalek hernia.", "30": "Also, there is a nodule projecting over the left upper lobe location, 5-mm as well as questionable nodule projecting over the right upper lobe, 8 mm that could also assessed on the subsequent chest CT.", "31": "The mediastinum is normal.", "32": "Heart size is normal.", "33": "FINDINGS:  Frontal and lateral radiographs of the chest demonstrate clear lungs.", "34": "No pleural abnormality is detected.", "35": "IMPRESSION:  No acute cardiopulmonary process.", "36": "The heart, mediastinal, and hilar contours are normal.", "37": "Bibasilar atelectasis is seen with possible mild edema.", "38": "Bibasilar atelectasis with possible mild edema.", "39": "Bibasilar opacifications persist, though they may have cleared somewhat on the right.", "40": "Atelectatic changes are seen at the left base, though there is no definite pulmonary edema.", "41": "In comparison with the study of ___, there is little change in the appearance of the heart and lungs and the right IJ Swan-Ganz catheter.", "42": "No pulmonary edema is seen.", "43": "Previously noted multifocal opacities have largely resolved with minimal residual opacity seen within the right lung base.", "44": "No new focal consolidation is present.", "45": "There is no pneumothorax.", "46": "Interval improvement in previously noted multifocal opacities, with residual right basilar opacity likely reflecting resolving pneumonia.", "47": "Small left pleural effusion persists.", "48": "Small left pleural effusion, unchanged.", "49": "Left-sided pacemaker device is noted with leads terminating in the right atrium, right ventricle and coronary sinus.", "50": "The aorta is tortuous and diffusely calcified.", "51": "The patient is status post median sternotomy and CABG.", "52": "Moderate cardiomegaly persists.", "53": "No acute osseous abnormalities are detected.", "54": "No pneumothorax.", "55": "The possibility of left lower lobe collapse and/or consolidation cannot be entirely excluded.", "56": "Increased retrocardiac density uncertain significance -- question compressive atelectasis, but the possibility of a pleural effusion and/or left lower lobe consolidation cannot be excluded.", "57": "There is increased retrocardiac density, though no apparent effacement of the diaphragm.", "58": "Curvilinear density overlying the left are border raises the question of an effusion.", "59": "Moderate cardiomegaly with left ventricular configuration.", "60": "Moderate cardiomegaly.", "61": "FINDINGS:  In comparison with the study of ___, there has been substantial increase in engorgement of indistinct pulmonary vessels, consistent with pulmonary edema.", "62": "IMPRESSION:  Worsening pulmonary edema.", "63": "The cardiac silhouette is more prominent, though overall visibility is somewhat hampered by scattered radiation related to the size of the patient.", "64": "Plate-like atelectasis seen at the right lung base.", "65": "No  pneumothorax or pleural effusion.", "66": "Loss of volume in the right lower lung between ___ and earlier on ___ is presumably acute.", "67": "Most of the abnormalities in the middle lobe may relate to previous unilateral intubation.", "68": "No pneumothorax or pleural effusion.", "69": "WET READ: ___ ___ ___ 7:38 PM  Initial film demonstrates ETT in right mainstem bronchus.", "70": "Left lung generally clear, aside from segmental atelectasis at the lung base medially.", "71": "Enteric tube  within stomach.", "72": "Heart size is normal.", "73": "RECOMMENDATION(S):  There is no pneumothorax or pleural effusion.", "74": "There may be a new or enlarging lesion at the base of the right lung projecting over at.", "75": "Enlargement interval enlargement of a irregular masslike lesion in the left midlung and greater surrounding opacifications suggest hemorrhage associated with reported lung biopsy.", "76": "Heart size normal.", "77": "There is mild cardiomegaly with central pulmonary vascular congestion, and mild interstitial edema.", "78": "Small right and moderate left pleural effusions are noted.", "79": "Bibasilar and perihilar airspace opacities have increased from the prior examination.", "80": "1.  Low lung volumes, mild cardiomegaly, and moderate pulmonary edema.", "81": "2.  Small right and moderate left pleural effusions with adjacent atelectasis.", "82": "The patient is status post median sternotomy and CABG.", "83": "The heart is mildly enlarged and there is mild to moderate interstitial edema.", "84": "IMPRESSION:  Mild to moderate interstitial pulmonary edema.", "85": "The right heart border is obscured, likely due to atelectasis.", "86": "There is no pneumothorax.", "87": "The right lower lung is clear, but the contracted right upper lobe is still severely consolidated.", "88": "Right pleural thickening is stable.", "89": "Left perihilar opacification worsened again since ___ and could be edema or pneumonia.", "90": "Possibility of persistent left pleural effusion despite the left pleural tube.", "91": "Heart size top normal.", "92": "Lungs are hyperinflated with flattening of the diaphragms most likely reflective of COPD.", "93": "No focal consolidation, pleural effusion or pneumothorax is present.", "94": "The pulmonary vasculature is not engorged.", "95": "No acute cardiopulmonary abnormality.", "96": "COPD.", "97": "The cardiac, mediastinal and hilar contours are unchanged and within normal limits.", "98": "Linear opacities within the left lung base likely reflect areas of scarring and/or subsegmental atelectasis.", "99": "There are mild degenerative changes in the thoracic spine.", "100": "IMPRESSION: Perhaps trace bilateral pleural effusions and moderate cardiomegaly without acute intrathoracic process.", "101": "The lungs are hyperexpanded with perhaps trace pleural effusions, better assessed on the recent CT abdomen/pelvis and minimal basilar atelectasis.", "102": "No focal consolidation to suggest pneumonia is identified.", "103": "There is no pneumothorax.", "104": "The heart is moderately enlarged with normal mediastinal and hilar contours.", "105": "Pulmonary vasculature is mildly engorged.", "106": "Linear and patchy bibasilar opacities likely reflect areas of atelectasis.", "107": "No pneumothorax is identified.", "108": "Continued bibasilar atelectasis.", "109": "Mild pulmonary vascular engorgement and unchanged small left pleural effusion.", "110": "Small left pleural effusion appears relatively unchanged compared to the previous study.", "111": "The aorta remains tortuous.", "112": "Patient is status post median sternotomy and CABG.", "113": "Cardiac silhouette size remains moderately enlarged but unchanged.", "114": "There are no acute osseous abnormalities.", "115": "Degenerative changes are seen within the thoracic spine.", "116": "There is no pleural effusion or pneumothorax.", "117": "The lungs appear clear.", "118": "No evidence of acute cardiopulmonary disease.", "119": "Left basilar atelectasis and small left pleural effusion have nearly resolved in the interval.", "120": "Compared to ___ radiograph, a nasogastric tube is been placed, coiling in the proximal stomach.", "121": "Some focal areas of atelectasis are present.", "122": "Tortuosity of the aorta is present.", "123": "A nasogastric tube is present with the tip lying below the diaphragm.", "124": "The tip of the subclavian line lies within the right atrium.", "125": "CHEST:  Cardiac size within normal limits.", "126": "On ___, mild pulmonary edema improved while multifocal consolidation developed.", "127": "Pulmonary vasculature is engorged but there is probably no substantial edema.", "128": "Consolidation has substantially cleared from the left midlung, but is still severe in both lower lobes, although due in part to atelectasis, suggesting substantial pneumonia.", "129": "Right jugular line ends in the low SVC.", "130": "Tip of the ET tube at the thoracic inlet is no less than 7.5 cm from the carina with the chin down.", "131": "Moderate cardiomegaly has not improved.", "132": "Lung volumes are lower; this explains the increase in the heart size which is moderately enlarged and the crowding of bronchovascular structure at the lung bases.", "133": "There is no pleural effusion or pneumothorax.", "134": "There are no acute cardiopulmonary findings.", "135": "No acute  intrathoracic abnormality identified.", "136": "There is no evidence of pulmonary edema, pleural effusion, or pneumothorax.", "137": "No acute intrathoracic abnormality identified.", "138": "PA and lateral chest radiographs demonstrate no consolidation.", "139": "Cardiomediastinal and hilar contours are within normal limits.", "140": "WET READ: ___ ___ ___ 9:30 PM         6 mm nodule projects over the left lower lung zone on the frontal radiograph  for which nonemergent chest CT for further evaluation is advised.", "141": "A 6 mm nodule identified projecting over the left lower lung zone on the frontal radiograph.", "142": "6 mm nodule projects over the left lower lung zone on the frontal radiograph for which nonemergent chest CT for further evaluation is advised.", "143": "A small right-sided pleural effusion is present.", "144": "IMPRESSION:  Findings compatible with mild pulmonary interstitial edema and vascular congestion with associated small right-sided pleural effusion.", "145": "There is also mild vascular congestion with upper redistribution.", "146": "There is no pneumothorax.", "147": "Cardiomediastinal and hilar contours are otherwise unremarkable.", "148": "Compared with ___, there is increased conspicuity of interstitial markings, more pronounced in the left lung.", "149": "No pulmonary edema.", "150": "No pneumothorax.", "151": "FINDINGS:  As compared to the previous image, the frontal and lateral radiographs show the pacemaker lead projecting over the right ventricle.", "152": "Lung volumes remain low without focal consolidation.", "153": "There is no pleural effusion or pneumothorax.", "154": "There has also been interval placement of a right IJ central venous catheter terminating in the mid SVC.", "155": "No new areas of consolidation, pulmonary edema or a pneumothorax.", "156": "No pleural effusions.", "157": "Known lingular consolidation is re-demonstrated.", "158": "2. Known lingular consolidation is re-demonstrated.", "159": "Cardiomediastinal silhouette is within normal limits.", "160": "No acute osseous abnormalities.", "161": "Smaller right pleural effusion is also seen with right-sided presumed pleural drainage catheter not well assessed.", "162": "The remainder of the lung is well expanded without pneumothorax.", "163": "IMPRESSION:   1. Reaccumulated moderate left and trace right pleural effusions with extensive mediastinal adenopathy compatible with history of lymphoma without notable improvement.", "164": "Continued widening of the right and left paratracheal stripes, fullness in the AP window, and density in the subcarinal region is compatible with adenopathy which in total is not particularly improved since the prior studies.", "165": "FINDINGS:  Moderate left pleural effusion has reaccumulated with accompanying atelectasis resulting in retrocardiac opacity.", "166": "Unchanged compression fractures are seen in the mid and lower thoracic spine.", "167": "2. Mid and lower thoracic compression fractures are unchanged.", "168": "The lung volumes are low.", "169": "There is no pleural effusion or pneumothorax.", "170": "The lungs appear clear.", "171": "1.  No evidence of acute cardiopulmonary disease.", "172": "Within the limitations of technique, the cardiac, mediastinal and hilar contours appear within normal limits.", "173": "There is mild vascular congestion and minimal interstitial opacities, but no overt pulmonary edema.", "174": "Right pleural effusion is demonstrated, large.", "175": "Minimal amount of left pleural fluid is noted but potentially underestimated on this portable radiograph.", "176": "The NG tube tip is in the stomach.", "177": "Cardiomegaly is substantial.", "178": "The replaced mitral valve is noted.", "179": "FINDINGS:  The lung volumes are low.", "180": "The cardiac contours are obscured by moderate bilateral pleural effusions.", "181": "Aside from presumed atelectasis associated with pleural effusions, the lungs appear clear.", "182": "IMPRESSION:  Increasing bilateral pleural effusions, moderate in size.", "183": "There is no pneumothorax.", "184": "Right lower lobe atelectasis has cleared.", "185": "The questioned right midlung that pneumonia could be fissural pleural fluid.", "186": "Moderate right pleural effusion is stable.", "187": "Pulmonary vasculature is engorged, but there is no edema.", "188": "Moderate left pleural effusion has increased.", "189": "Borderline cardiomegaly stable.", "190": "Low lung volumes cause bibasilar linear atelectasis.", "191": "There is no pleural effusion,  pulmonary edema, or pneumothorax.", "192": "WET READ: ___ ___ 5:11 AM  Bibasilar atelectasis.", "193": "Bibasilar atelectasis.", "194": "The cardiomediastinal silhouette is normal.", "195": "Vascular crowding makes it impossible to exclude interstitial pulmonary edema, but the lungs are probably clear.", "196": "No pleural abnormality.", "197": "Although no acute fracture or other chest wall lesion is seen, conventional chest radiographs are not sufficient for detection or characterization of most such abnormalities.", "198": "Upper mediastinal contours are normal.", "199": "Supine positioning and low level inspiration exaggerating mild enlargement of the cardiac silhouette.", "200": "WET READ: ___ ___ ___ 7:15 AM  1. Hyperexpanded lungs compatible with COPD.", "201": "Lungs are hyperexpanded.", "202": "1.  Hyperexpanded lungs compatible with COPD.", "203": "2. No focal consolidation.", "204": "There is no focal consolidation, effusion, or pneumothorax.", "205": "2.  No focal consolidation.", "206": "The cardiomediastinal silhouette is normal.", "207": "Diffuse interstitial opacities even more pronounced than on the prior study and might represent progression of interstitial lung disease such is acute exacerbation or pulmonary edema.", "208": "No interval increase in pleural effusion demonstrated.", "209": "No pneumothorax is seen.", "210": "Underlying infectious process for example in the patient is immunocompromised such as pneumocystis pneumonia is a possibility.", "211": "2. Low lung volumes with bibasilar atelectasis.", "212": "2. Low lung volumes with bibasilar atelectasis.", "213": "There is increased pulmonary vascular congestion and bilateral small to moderate pleural effusions.", "214": "There is increased volume loss at bilateral lung bases, left more so than right.", "215": "Increased pulmonary vascular congestion, lung volume loss, and pleural effusions compared to 12 hr prior.", "216": "There may be a tiny  right apical pneumothorax.", "217": "There may be a tiny  right apical pneumothorax.", "218": "There is no appreciable pneumothorax.", "219": "No appreciable pneumothorax.", "220": "Cardiac silhouette is increased in size.", "221": "In comparison with the study of ___, there is little change and no evidence of acute cardiopulmonary disease.", "222": "No pneumonia, vascular congestion, or pleural effusion.", "223": "There is no definite pleural effusion or pneumothorax.", "224": "Pneumonia is not excluded but evaluation of the chest with these films is limited.", "225": "In addition to the possibility of infection, patchy atelectasis could be considered and resolving vascular congestion.", "226": "There is a patchy left mid lung opacity, although elsewhere, the lungs appear clear.", "227": "IMPRESSION:  Vague left mid lung opacity.", "228": "FINDINGS:  The cardiac, mediastinal and hilar contours appear unchanged including mild cardiomegaly.", "229": "Moderate degenerative changes involve the each acromioclavicular joint.", "230": "Lungs appear hyperinflated.", "231": "No overt pulmonary edema.", "232": "Platelike atelectasis is noted at the bilateral lung bases.", "233": "Small bilateral effusions without other acute cardiopulmonary process.", "234": "Blunting of the lateral costophrenic angles bilaterally suggest small effusions.", "235": "There is no focal consolidation or pneumothorax.", "236": "Triple lead pacing device partially obscures the left lung field.", "237": "Cardiomediastinal silhouette is within normal limits.", "238": "No acute osseous abnormalities are identified.", "239": "Bilateral pleural effusions, adjacent atelectasis are grossly unchanged.", "240": "Mild vascular congestion has improved.", "241": "Right perihilar opacities have minimally in improved.", "242": "Cardiomegaly and widened mediastinum are stable.", "243": "No pleural effusion or pneumothorax.", "244": "WET READ: ___ ___ ___ 3:48 PM  Subtle left lower lung opacities may represent early pneumonia vs mucoid  impaction", "245": "Vague nodular and streaky opacities in the left lower lung are nonspecific, possibly represent early infection or bronchial mucoid impaction.", "246": "Subtle left lower lung opacities may represent early pneumonia vs mucoid impaction.", "247": "Heart size and cardiomediastinal contours are normal.", "248": "Severe right-sided pulmonary edema may have improved, or patient may have responded to increase positive pressure ventilator support.", "249": "No pneumothorax or large pleural effusion.", "250": "Edema in the left lung has always been less severe, roughly unchanged.", "251": "Moderate to severe cardiomegaly stable.", "252": "The lung fields are clear with no evidence of local infiltrate, pleural effusions, or pneumothorax.", "253": "The cardiomediastinal contours are unremarkable.", "254": "The heart is mildly enlarged as noted on the previous study as well.", "255": "There is mild S-shaped scoliosis of the thoracic spine, which is also stable.", "256": "Normal lung volumes.", "257": "Borderline size of the cardiac silhouette without evidence of pulmonary edema.", "258": "No pleural effusions.", "259": "No pneumonia.", "260": "Normal hilar and mediastinal contours.", "261": "Minimal tortuosity of the thoracic aorta.", "262": "No change in the prior left lower lung consolidation and right lower lung opacity.", "263": "No change in bibasilar lung consolidations and small effusions.", "264": "No new pneumothorax.", "265": "Small bilateral effusions are persistent.", "266": "Compared with the prior study, no change in the positioning of the endotracheal tube, right PICC line, and NG tube.", "267": "Well expanded lungs with minimal right lower lobe atelectasis.", "268": "No pleural effusion or a pneumothorax.", "269": "Interval increase in bilateral perihilar and interstitial opacities consistent with mild pulmonary edema.", "270": "2. New mild pulmonary edema.", "271": "No focal opacity.", "272": "No pneumothorax.", "273": "Heart size, mediastinal contour, and hila are unremarkable.", "274": "Single portable semi erect frontal chest radiographs demonstrate a right IJ CVL tip within the lower SVC.", "275": "1. Right IJ CVL tip within the lower SVC.", "276": "Limited assessment of the osseous structures are unremarkable and visualized osseous structures are within normal limits.", "277": "The pulmonary vasculature is normal.", "278": "Lungs are clear.", "279": "No pleural effusion or pneumothorax is seen.", "280": "No acute cardiopulmonary abnormality.", "281": "The mediastinal and hilar contours are normal.", "282": "Heart size is normal.", "283": "There are no acute osseous abnormalities.", "284": "There is mild to moderate pulmonary edema.", "285": "No large pleural effusion is seen.", "286": "Pulmonary edema and cardiomegaly.", "287": "There is no evidence of pneumothorax.", "288": "The cardiac and mediastinal silhouettes are stable, with the cardiac silhouette enlarged.", "289": "Left-sided pacemaker is grossly stable.", "290": "Patient is status post median sternotomy and CABG.", "291": "Persistent mild pulmonary edema and small  bilateral pleural effusions.", "292": "Persistent mild pulmonary edema and small  bilateral pleural effusions.", "293": "There are low lung volumes.", "294": "There are increased interstitial lung markings throughout the lungs but more confluent at the bases.", "295": "In conjunction with prior CT, these finding likely reflect a chronic interstitial process, but the lack of old prior studies for comparison precludeds evaluation for change and a superimposed component of edema or infection would be possible.", "296": "The posterior costophrenic angles are excluded from this exam, but there is no evidence of large pleural effusion.", "297": "The cardiomediastinal silhouette is top-normal is size, accentuated by low lung volumes  There are right lateral rib fractures involving right ribs ___, which more clearly demonstrate callous formation on recent CT.", "298": "A linear calcific density is noted in the retrosternal region on the lateral, raising the possibility of calcified pleural plaque.", "299": "1.  Increased interstitial lung markings throughout the lungs more confluent at the bases, likely reflecting at least some component chronic interstitial process.", "300": "There is no pneumothorax.", "301": "A superimposed component of edema or infection would be possible.", "302": "Upper lungs clear.", "303": "Mild right basal atelectasis unchanged.", "304": "Small left pleural effusion has continued to decrease, replaced in part by small  pneumothorax loculated along the left lateral lower costal surface.", "305": "Left basal pigtail pleural drainage catheter may have withdrawn a cm or so.", "306": "Moderate Left lower lobe atelectasis unchanged.", "307": "Heart size normal.", "308": "Large right pleural effusion is stable given for differences in technique, obscuring the right lower lobe, where asymmetric interstitial and confluent pulmonary abnormality is been present.", "309": "Findings are concerning for infection, perhaps atypical.", "310": "No pneumothorax.", "311": "Right PIC line can be traced as far as the mid to low SVC but the tip is obscured.", "312": "Given for differences in technique stable right effusion and opacities.", "313": "Increasing left effusion and left lower lobe consolidation.", "314": "Left retrocardiac opacity and effusion have increased.", "315": "Heart size is top- normal.", "316": "There is some coarsening of the bronchovascular markings without overt pulmonary edema or focal consolidation.", "317": "There are no pneumothoraces.", "318": "There is some atelectasis at the left base, unchanged.", "319": "Heart size is within normal limits.", "320": "Lungs are clear.", "321": "A previously noted feeding tube has been removed.", "322": "Cardiomediastinal silhouette is normal.", "323": "The lungs are grossly clear.", "324": "Cardiomegaly without definite superimposed acute cardiopulmonary process.", "325": "Right basilar atelectasis noted medially.", "326": "There is no large effusion or edema.", "327": "There are atherosclerotic calcifications at the aortic arch in the descending thoracic aorta is tortuous.", "328": "Cardiac silhouette is moderately enlarged.", "329": "Widening of the right acromioclavicular joint may be chronic.", "330": "Trace right pleural effusion may also be present.", "331": "Minimal prominence of the interstitial markings may be due to minimal interstitial edema.", "332": "Moderate left pleural effusion and likely trace right pleural effusion.", "333": "Moderate enlargement of the cardiac silhouette and  slight prominence of the interstitial markings may be due to mild interstitial edema.", "334": "Small to moderate left pleural effusion persists and appears increased with overlying atelectasis.", "335": "Aortic knob is calcified.", "336": "There is moderate enlargement of the cardiac silhouette.", "337": "No acute intrathoracic process", "338": "There is no focal consolidation, effusion, or pneumothorax.", "339": "The cardiomediastinal silhouette is normal.", "340": "Hilar contours are similar with enlargement of the pulmonary arteries bilaterally suggestive of underlying pulmonary arterial hypertension.", "341": "Severe bullous emphysema is seen with large bulla noted most pronounced in the right lung base.", "342": "No pleural effusion or pneumothorax is seen.", "343": "1. Marked bullous emphysema.", "344": "Patchy opacity within the left upper lobe is new in the interval which may reflect an area of infection though underlying neoplasm cannot be excluded.", "345": "Patchy opacity in the left lung base may also reflect an additional area of infection or atelectasis.", "346": "2. Patchy left upper lobe opacity, new in the interval, may reflect infection, however underlying neoplasm cannot be excluded.", "347": "Additional patchy left lower lobe opacity may reflect additional site of infection or atelectasis.", "348": "The mediastinal contours are unchanged with diffuse atherosclerotic calcification of the thoracic aorta noted.", "349": "Heart size is normal.", "350": "There are no acute osseous abnormalities.", "351": "There is likely mild pulmonary edema.", "352": "No pneumothoraces are seen.", "353": "When compared to the prior study, the left-sided pleural effusion and consolidation appears relatively stable.", "354": "No pneumothorax is seen.", "355": "No pneumomediastinum demonstrated.", "356": "Left perihilar opacities demonstrated with a known element of atelectasis.", "357": "Bilateral pleural effusions are unchanged.", "358": "Bibasilar opacities are unchanged.", "359": "The findings might represent bibasal pneumonia", "360": "FINDINGS:  The lungs are clear without evidence of consolidations or edema.", "361": "There is no pleural effusion or pneumothorax.", "362": "IMPRESSION:  No acute cardiopulmonary process.", "363": "The cardiomediastinal silhouette is normal.", "364": "Mild dextroscoliosis and degenerative changes of the thoracic spine are stable.", "365": "There is mild fluid overload and minimal atelectasis at the right lung base and in the retrocardiac lung regions.", "366": "There is no evidence of pneumothorax.", "367": "No evidence of pneumonia.", "368": "Blunting of the left costophrenic sinus could be caused by a minimal left pleural effusion.", "369": "Pulmonary vascular congestion has increased minimally.", "370": "Heart is still normal size and there is no pulmonary edema or pleural effusion.", "371": "Indwelling right PIC line still ends in the upper right atrium,", "372": "There is mild pulmonary edema, stable.", "373": "There has been slight increase in the moderate left pleural effusion.", "374": "There is a persistent left retrocardiac opacity.", "375": "There remains a feeding tube and left-sided PICC line.", "376": "Heart size is within normal limits.", "377": "FINDINGS:  AP upright and lateral views of the chest provided demonstrate clear well-expanded lungs without focal consolidation, effusion, or pneumothorax.", "378": "IMPRESSION:  No acute intrathoracic process.", "379": "Cardiomediastinal silhouette is normal.", "380": "Mild pulmonary congestion is seen with bronchovascular crowding exaggerated by low lung volumes.", "381": "No overt pulmonary edema or focal consolidation.", "382": "No pleural effusion or pneumothorax.", "383": "IMPRESSION:  Mild pulmonary congestion without overt pulmonary edema or definite consolidation.", "384": "There is unchanged rightward tracheal deviation.", "385": "The heart is enlarged and has a widened vascular pedicle, similar to prior.", "386": "The osseous structures are unremarkable.", "387": "Lungs are mildly overinflated.", "388": "Lungs are clear.", "389": "Pulmonary vasculature is normal.", "390": "Bilateral apical pleural thickening is unchanged.", "391": "There is no pleural effusion.", "392": "No acute intrathoracic process.", "393": "Mediastinal and hilar contours are normal.", "394": "Lung volumes are low.", "395": "Pulmonary vasculature is not engorged.", "396": "Patchy opacities are seen in the lung bases without focal consolidation.", "397": "No pleural effusion or pneumothorax is present.", "398": "Bibasilar patchy opacities, likely atelectasis in the setting of low lung volumes.", "399": "Infection is not completely excluded in the correct clinical setting.", "400": "No evidence of congestive heart failure.", "401": "Mediastinal and hilar contours are unremarkable.", "402": "4 mm calcified nodule in the left upper lung field is unchanged, likely a granuloma.", "403": "Heart size remains mildly enlarged.", "404": "There are mild degenerative changes noted in the thoracic spine with unchanged compression deformity at the thoracolumbar junction.", "405": "Right basal chest tube is in place.", "406": "There is no evident pneumothorax.", "407": "Small right effusion has decreased.", "408": "Extensive bilateral opacities have increased in the right base .", "409": "Right IJ catheter tip is in thecavoatrial junction.", "410": "Cardiac size is mildly enlarged as before.", "411": "There is no pleural effusion or pneumothorax.", "412": "No definite focal consolidation is seen.", "413": "Mild vascular congestion is again seen.", "414": "There are areas of minor linear left basilar atelectasis.", "415": "Lungs are affected by mild interstitial changes that are chronic with no new consolidations seen.", "416": "No pleural effusion or pneumothorax is present.", "417": "Apical pleural thickening and scarring is again seen.", "418": "FINDINGS:  In comparison with the study of ___, the left chest tube is now on waterseal, and there is no appreciable pneumothorax.", "419": "As compared to ___, diffuse pulmonary opacities have slightly worsened, accompanied by enlarging right pleural effusion which is now moderate in size.", "420": "Small to moderate left pleural effusion is unchanged.", "421": "Interval decrease in lung volumes with worsening patchy opacities throughout both lungs, left lower lobe greater than other lobes, with associated layering effusions, left greater than right.", "422": "No pneumothorax.", "423": "Findings would be concerning for worsening pulmonary edema but a worsening infectious process such as pneumonia or aspiration should also be considered as the airspace process is more focal in the left lower lung.", "424": "Endotracheal tube, nasogastric tube, right internal jugular central line, right subclavian dual lumen catheter are likely unchanged in position.", "425": "Regions of consolidation in the right lung, at the base and lateral aspect of the right upper lung are concerning for pneumonia, unchanged over several days.", "426": "No pneumothorax.", "427": "Persistently poor aeration at the base of the left lung is due to un resolving atelectasis and at least moderate left pleural effusion, reflected in no improvement in postoperative leftward mediastinal shift.", "428": "Right PIC line ends in the low SVC.", "429": "Heart size top-normal unchanged.", "430": "There is mild pulmonary vascular redistribution.", "431": "The heart continues to be moderately enlarged and there continues to be dense left lower lobe consolidation.", "432": "Due to the opacity in the left lower lobe, it is difficult to tell if an effusion is also present.", "433": "FINDINGS:  The endotracheal tube and NG tube and left IJ line have been removed.", "434": "The right-sided PICC line is unchanged.", "435": "Bilateral pleural effusions, large.", "436": "No change and the cardiomediastinal silhouette is demonstrated including day projecting paramediastinal masses.", "437": "Port-A-Cath catheter tip terminates at the level of cavoatrial junction.", "438": "FINDINGS:  The lungs are clear with no evidence of consolidation, effusion, or pneumothorax.", "439": "IMPRESSION:  No acute cardiopulmonary process.", "440": "The cardiomediastinal silhouette is normal.", "441": "Lower lung volumes are noted.", "442": "Superiorly, the lungs are clear.", "443": "No acute cardiopulmonary process.", "444": "There is no pneumothorax.", "445": "Blunting of the left lateral costophrenic angle is likely due to combination of rotation with prominent mediastinal fat as seen on CT scan.", "446": "The cardiomediastinal silhouette is within normal limits.", "447": "Frontal and lateral views of the chest demonstrate normal lung volumes without pleural effusion, focal consolidation or pneumothorax.", "448": "There is no pulmonary edema.", "449": "No evidence of acute cardiopulmonary process.", "450": "Hilar and mediastinal silhouettes are unremarkable.", "451": "Heart size is normal.", "452": "Pulmonary vasculature is normal.", "453": "No focal consolidation, pleural effusion, or pneumothorax is present.", "454": "Scarring within the lung apices appears unchanged.", "455": "No acute cardiopulmonary abnormality.", "456": "Mediastinal and hilar contours are unchanged with known mediastinal lymphadenopathy better appreciated on the prior CT.", "457": "Known mediastinal lymphadenopathy is better seen on the previous chest CT.", "458": "Cardiac silhouette size is normal.", "459": "No acute osseous abnormality is detected.", "460": "There is moderate bilateral pleural effusions, which appears stable on the right and slightly larger on the left compared to ___.", "461": "2. There is moderate bilateral pleural effusion, which appears stable on the right and slightly larger on the left compared to ___.", "462": "There is no pneumothorax.", "463": "Left jugular line terminates in mid SVC.", "464": "No acute cardiopulmonary process identified.", "465": "Previously noted right basilar opacity has improved.", "466": "Streaky bibasilar opacities likely represent atelectasis.", "467": "Otherwise no consolidation, sizeable effusion or pneumothorax.", "468": "Probable bibasilar atelectasis.", "469": "Heart appears mildly enlarged, although this may be due to portable technique.", "470": "Pulmonary vasculature is not engorged.", "471": "Linear and patchy opacities in the right upper lobe and lung bases likely reflect areas of atelectasis in the setting of low lung volumes.", "472": "No focal consolidation, pleural effusion or pneumothorax is present.", "473": "Low lung volumes with atelectasis in the lung bases and right upper lobe, without focal consolidation to suggest pneumonia.", "474": "Heart size is mildly enlarged but unchanged.", "475": "There are moderate to large bilateral pleural effusions with associated atelectasis.", "476": "There is mild pulmonary vascular congestion.", "477": "Moderate to large bilateral pleural effusions with compressive atelectasis.", "478": "Mild pulmonary vascular congestion.", "479": "There is no pneumothorax.", "480": "A right subclavian central venous catheter ends in the right atrium.", "481": "A left PICC projects over the low SVC.", "482": "The cardiomediastinal silhouette is stably enlarged.", "483": "Pulmonary vasculature is normal.", "484": "Lungs are clear without focal consolidation.", "485": "No pleural effusion or pneumothorax is present.", "486": "No acute cardiopulmonary abnormality.", "487": "Cardiac, mediastinal and hilar contours are normal.", "488": "Diffuse idiopathic skeletal hyperostosis of the thoracic spine is re- demonstrated without acute osseous abnormality.", "489": "Allowing for vascular crowding due to low lung volumes, there is probably no pulmonary edema or other pulmonary abnormality nor substantial pleural effusion.", "490": "Mild cardiomegaly and mediastinal vascular engorgement suggests volume overload or cardiac decompensation.", "491": "FINDINGS:  The lung volumes are low causing mild vascular crowding.", "492": "There are no focal airspace opacities to suggest pneumonia.", "493": "There is no pneumothorax or large pleural effusion.", "494": "IMPRESSION:  Low lung volumes cause mild vascular crowding.", "495": "The cardiomediastinal silhouette and hilar contours are normal.", "496": "The heart is top normal.", "497": "FINDINGS:  In comparison with the study of ___, there is no change or evidence of acute cardiopulmonary disease.", "498": "No pneumonia, vascular congestion, or pleural effusion.", "499": "Low lung volumes again noted.", "500": "Linear opacity at the right lung base most suggestive of atelectasis.", "501": "The lungs are otherwise clear.", "502": "IMPRESSION:  No definite evidence of acute cardiopulmonary process.", "503": "Cardiomediastinal silhouette is within normal limits.", "504": "Degenerative changes noted at both acromioclavicular and glenohumeral joints.", "505": "Normal heart, lungs, hila, mediastinum and pleural surfaces.", "506": "There is no evidence of cardiac decompensation.", "507": "WET READ: ___ ___ 5:48 PM  Moderate cardiomegaly with no acute cardiopulmonary process identified.", "508": "Main pulmonary artery is enlarged as demonstrated on prior CTA of the chest.", "509": "Lungs and pleural surfaces are clear.", "510": "IMPRESSION:  Cardiomegaly and central pulmonary artery enlargement.", "511": "FINDINGS:  Cardiac silhouette is mildly enlarged.", "512": "The patient has known cardiac chamber enlargement as well as a patent foramen ovale as reported on recent echo.", "513": "No acute skeletal findings.", "514": "WET READ: ___ ___ ___ 1:47 PM  No acute cardiopulmonary process.", "515": "The lungs are well expanded and clear.", "516": "There is no pleural effusion or pneumothorax.", "517": "No acute cardiopulmonary process.", "518": "The aorta is somewhat tortuous.", "519": "Otherwise, the cardiomediastinal silhouette is unremarkable.", "520": "There is no pleural effusion or pneumothorax.", "521": "The right lung is clear.", "522": "Compared to the prior radiograph performed 1 day prior, the volume of the left lower lung has decreased and new wedge shaped opacity in the mid lung is identified.", "523": "2.  New opacity in the left lung may represent infection or infarct.", "524": "The most proximal side port ends at the gastroesophageal junction.", "525": "A right Port-A-Cath ends in the right atrium.", "526": "A left chest tube has been placed.", "527": "Unchanged moderate cardiomegaly, the to pacemaker leads have not changed in position.", "528": "FINDINGS:  As compared to the previous radiograph, the lung volumes have increased.", "529": "There is an unchanged right basal pleural effusion, better appreciated on the lateral than on the frontal radiograph.", "530": "No interval appearence of pneumonia.", "531": "The lungs are well expanded and clear without focal consolidation, pleural effusion or pneumothorax.", "532": "Mediastinal silhouette and hilar contours are normal.", "533": "Heart size is normal.", "534": "No osseous abnormality is identified.", "535": "Lungs are clear.", "536": "There is no pleural effusion or pneumothorax.", "537": "No acute cardiopulmonary abnormality, specifically, no evidence of pneumonia.", "538": "Hilar contours are normal.", "539": "Heart size is normal with mild tortuosity of the thoracic aorta.", "540": "Widespread parenchymal opacities predominantly affecting the lower lobes are unchanged.", "541": "A right internal jugular line tip terminates in right atrium.", "542": "Right PICC line tip terminates at the level of mid SVC.", "543": "NG tube tip is in the stomach.", "544": "The lungs are low in volume but clear.", "545": "There is no pleural effusion or pneumothorax.", "546": "IMPRESSION: No acute intrathoracic process.", "547": "The heart is normal in size with normal cardiomediastinal contours.", "548": "There is continued enlargement of the cardiac silhouette with mild residual fullness of pulmonary vessels.", "549": "No evidence of acute focal pneumonia.", "550": "Opacification at the left base with obscuration of the hemidiaphragm is consistent with volume loss in the left lower lobe and pleural effusion.", "551": "Pacer device remains in place.", "552": "The vertebral bodies are difficult to see on this study so that the degree of compression deformity cannot be adequately assessed.", "553": "Lungs are clear.", "554": "Cardiomediastinal silhouette is normal.", "555": "Lung volumes remain low.", "556": "However, there is no focal consolidation, pleural effusion, or pneumothorax.", "557": "IMPRESSION:  No acute cardiopulmonary process.", "558": "The cardiomediastinal silhouette is normal.", "559": "Frontal and lateral radiographs of the chest demonstrate well expanded, clear lungs.", "560": "The interstitium is prominent, and this may reflect small airways disease.", "561": "There is no pneumothorax, pleural effusion, or consolidation.", "562": "No acute cardiopulmonary process.", "563": "The heart is now top normal in size.", "564": "There is subtle patchy right lower lobe opacity seen on the frontal and lateral views which could be due to pneumonia or possibly atelectasis.", "565": "No pleural effusion or pneumothorax.", "566": "Patchy right lower lobe opacity raising concern for pneumonia in the appropriate clinical setting.", "567": "Cardiac and mediastinal silhouettes are unremarkable.", "568": "The lungs are clear.", "569": "No acute cardiopulmonary process.", "570": "There is no focal consolidation, effusion, or edema.", "571": "The cardiomediastinal silhouette is within normal limits for technique.", "572": "No acute osseous abnormalities.", "573": "Opacities in the right lung have increased, consistent with increasing in moderate right pleural effusion and multifocal pneumonia, larger in the right perihilar region and right lower lobe.", "574": "The amount of pleural effusion cannot be accessed.", "575": "There is no evidence of pneumothorax.", "576": "Increasing opacities in the left lower lobe is also consistent with worsening pneumonia.", "577": "Left IJ catheter tip is in the mid SVC.", "578": "NG tube tip is in the stomach.", "579": "Moderate-to-severe cardiomegaly is stable.", "580": "Worsening right lower lobe collapse accompanied by a probable small right pleural effusion.", "581": "Imaged portion of left lung is clear, but left and right apices have been excluded from the study, limiting assessment for pneumothorax or apical lung process.", "582": "Lungs are clear.", "583": "No acute intrathoracic process.", "584": "There is no focal consolidation, effusion, or pneumothorax.", "585": "Left chest wall pacer device is again seen with leads extending to the region the right atrium and right ventricle.", "586": "The cardiomediastinal silhouette is normal.", "587": "Moderate left pleural effusion and small right pleural effusions have increased.", "588": "Cardiomegaly is obscured by the pleural effusion.", "589": "Enlarged pulmonary arteries are again noted.", "590": "Mild-to-moderate vascular congestion has increased.", "591": "There is no evident pneumothorax.", "592": "Left lower lobe atelectasis has worsened.", "593": "Portable upright view of the chest demonstrates low lung volumes.", "594": "Loculated right pleural effusion is essentially unchanged since ___.", "595": "Pulmonary edema appears progressed since prior.", "596": "Bibasilar airspace opacities may reflect compressive atelectasis.", "597": "IMPRESSION: 1.  Moderate right loculated pleural effusion and small left pleural effusions appear unchanged since ___ exam.", "598": "Mild pulmonary edema appears progressed since prior.", "599": "There is no pneumothorax.", "600": "Bibasilar opacities likely reflect atelectasis, though aspiration or infection is not completely excluded.", "601": "Fullness at the level of azygos vein is noted.", "602": "Small left pleural effusion persists.", "603": "Aortic arch calcifications are noted.", "604": "Moderate cardiomegaly is unchanged.", "605": "2.  Moderate cardiomegaly.", "606": "The right can't left-sided pleural effusion seen previously are slightly more layering given the semi erect imaging technique.", "607": "There is persistent retrocardiac dense opacity, as well as some increased opacity at the right lung base.", "608": "The left basilar opacity likely represents a combination of consolidation and atelectasis, while the right-sided changes are more likely to be have a dominant component of atelectasis.", "609": "No overt osseous abnormalities.", "610": "The pulmonary vasculature is normal.", "611": "Lungs are clear.", "612": "No pleural effusion or pneumothorax is seen.", "613": "No acute cardiopulmonary abnormality.", "614": "The mediastinal and hilar contours are normal.", "615": "Heart size is normal.", "616": "There are no acute osseous abnormalities.", "617": "Mild to moderate degenerative changes are noted in the thoracic spine.", "618": "The lung volumes are normal.", "619": "No pleural effusions.", "620": "No pneumonia, no pulmonary edema.", "621": "Mild elongation of the descending aorta.", "622": "Mild cardiomegaly.", "623": "There is continued enlargement of the cardiac silhouette, without definite pulmonary vascular congestion.", "624": "Atelectatic streak is again seen in the left mid zone.", "625": "AP upright and lateral views of the chest were provided demonstrating no focal consolidation, effusion, or pneumothorax.", "626": "A coarse calcific density projecting over the left scapular neck is unchanged from prior exam and may reflect synovial osteochondromatosis.", "627": "Cardiomediastinal silhouette is normal.", "628": "No acute osseous injury is seen.", "629": "Mild areas of atelectasis at both lung bases.", "630": "No pleural effusions.", "631": "No pneumothorax.", "632": "Small calcified granulomas in the upper lung fields are stable from ___ and ___.", "633": "There is no consolidation, pleural effusion, or pneumothorax.", "634": "Small calcified granulomas in the upper lung fields.", "635": "Port-a-Cath ends in the right atrium.", "636": "Port-a-cath ends in the right atrium.", "637": "The lungs are clear.", "638": "There is no pleural effusion.", "639": "IMPRESSION:  No acute cardiopulmonary process.", "640": "Cardiomediastinal silhouette is within normal limits.", "641": "Lungs otherwise clear.", "642": "No pleural abnormality.", "643": "New left infrahilar consolidation could be atelectasis or aspiration.", "644": "Left subclavian line ends in the upper SVC.", "645": "Heart size normal.", "646": "Right lung is clear.", "647": "Tip of the endotracheal tube is less than a cm from the carina and oriented toward the rib right main bronchus.", "648": "This may explain new left lower lobe collapse responsible for leftward mediastinal shift.", "649": "Large hiatus hernia is visible.", "650": "FINDINGS:  There is interval placement of a right apical chest tube.", "651": "Lungs are otherwise clear.", "652": "No pleural effusions and no pneumothorax.", "653": "IMPRESSION:  Interval placement of a right apical chest tube and presence of right-sided sutures lines with postoperative changes.", "654": "There is a small area of infiltrate around the suture line likely reflecting postsurgical changes.", "655": "Heart is top normal in size and cardiomediastinal contours appear unremarkable.", "656": "No acute intrathoracic process.", "657": "There is no focal consolidation, effusion, or pneumothorax.", "658": "The cardiomediastinal silhouette is normal.", "659": "Lungs are otherwise clear and there is no pleural effusion or pneumothorax.", "660": "IMPRESSION:  No acute cardiopulmonary process.", "661": "FINDINGS:  Portable AP chest radiograph demonstrates hyperinflation and flattening of the diaphragms, suggestive of emphysema.", "662": "Subtle radiodensity above the level of manubrium may represent junctional line as seen on CTA-Chest.", "663": "Aside from aortic tortuosity, the cardiomediastinal silhouette is normal.", "664": "Right large pleural effusion seen previously extending to the level of mid thorax appears slightly worse.", "665": "Left lung and visualized portion of the right lung are clear.", "666": "IMPRESSION:   Slight increase in the size of the large right pleural effusion.", "667": "No pneumothorax.", "668": "The pulmonary vasculature is not engorged.", "669": "The only change is an apparent increased in density projecting beneath the carina on the lateral view.", "670": "This may represent a subtle more parenchymal density or increased lymph node.", "671": "Mild biapical pleuroparenchymal thickening is noted.", "672": "No definite acute process but apparent increase in infrahilar density suggested only by the lateral view.", "673": "Fullness of each hilum persists and probably correlates with mild lymphadenopathy.", "674": "The mediastinal and hilar contours are within normal limits.", "675": "The cardiac silhouette is top-normal in size but stable.", "676": "No acute osseous abnormality is detected.", "677": "Right hemi thorax is now completely opacified, and the trachea an upper mediastinum are shifted to the left indicating mass effect probably from increase in pleural fluid, conceivably blood.", "678": "Pulmonary arteries are chronically enlarged.", "679": "Right pigtail pleural drainage catheter still in place.", "680": "Repeat chest radiograph is indicated to see if there is still mass effect from fluid accumulating under pressure in the right hemi thorax.", "681": "No pneumothorax.", "682": "Left lung is clear.", "683": "Right PIC line ends close to the superior cavoatrial junction.", "684": "No reason to suspect that moderate chronic cardiomegaly has improved.", "685": "The right lung is clear.", "686": "Cardiac size is obscured by the parenchymal abnormalities.", "687": "There is no evident pneumothorax.", "688": "Left chest tube is no longer visualized.", "689": "Small left effusion with adjacent atelectasis is stable.", "690": "Lungs are clear and the pulmonary vasculature is normal.", "691": "No pleural effusion or pneumothorax is seen.", "692": "No acute cardiopulmonary process.", "693": "Cardiac, mediastinal and hilar contours are normal.", "694": "There are no acute osseous abnormalities.", "695": "Pulmonary vascular markings are normal.", "696": "Lungs are clear.", "697": "No focal consolidation, pleural effusion, or pneumothorax.", "698": "IMPRESSION:  No evidence for acute cardiopulmonary process.", "699": "The heart is of normal size with normal cardiomediastinal contours.", "700": "New vague opacity in the right lower lung zone.", "701": "No pulmonary edema.", "702": "No pleural effusions.", "703": "Vague opacity projecting over the right lower lung zone may be in keeping with an early pneumonia.", "704": "Lungs clear.", "705": "No pleural abnormality or evidence of central lymph node enlargement.", "706": "Heart size top-normal.", "707": "The lungs are well expanded and clear, with no evidence of pleural effusion, pulmonary edema, pneumothorax or focal consolidation.", "708": "IMPRESSION:  No acute cardiopulmonary process.", "709": "The cardiomediastinal silhouette is unremarkable.", "710": "FINDINGS:  PA and lateral views of the chest demonstrate unchanged S-shaped scoliosis of the thoracic spine.", "711": "Right basal opacity as well as left basal opacity are unchanged.", "712": "No pneumothorax is seen.", "713": "NG tube tip is in the stomach.", "714": "There is no focal consolidation, pleural effusion or pneumothorax identified.", "715": "There is new mild pulmonary vascular congestion.", "716": "New pulmonary vascular congestion.", "717": "Widening of the vascular pedicle may be secondary to AP portable technique or increasing venous pressures.", "718": "No focal consolidation identified.", "719": "The size of the cardiac silhouette is enlarged but unchanged.", "720": "FRONTAL AND LATERAL CHEST RADIOGRAPH:  There is increased opacity in the right lung base with obscuration of the right heart border, findings consistent with a right middle lobe pneumonia.", "721": "The remainder of the lungs appear clear.", "722": "There is no pulmonary edema or large pleural effusions.", "723": "IMPRESSION:  Right middle lobe pneumonia.", "724": "No pneumothorax is evident.", "725": "Cardiomediastinal and  hilar contours are within normal limits and unchanged from prior.", "726": "The sinusoid contour of the opacity, together with its homogeneity, suggests the presence of a small pleural effusion rather than pneumonia.", "727": "Otherwise, the lung parenchyma is normal.", "728": "The opacity is more obvious on the frontal than on the lateral radiograph.", "729": "Normal appearance of the hilar and mediastinal structures.", "730": "FINDINGS:  As compared to the previous radiograph, there is a newly appeared parenchymal opacity at the lateral aspects of the left hemithorax.", "731": "The opacity obliterates the lateral aspects of the left costophrenic sinus.", "732": "Normal size of the cardiac silhouette.", "733": "Mild pulmonary vascular congestion bilaterally.", "734": "Probable trace pleural effusions.", "735": "2.   Mild pulmonary vascular congestion.", "736": "No pneumothorax or focal consolidations.", "737": "The right PICC line has advanced distally and is now malpositioned, crossing beyond the expected location of the tricuspid valve plane.", "738": "1.  Malposition of right PICC line.", "739": "RECOMMENDATION(S):  Repositioning of right PICC line.", "740": "Stable cardiomegaly.", "741": "IMPRESSION: 1.  Interval removal of the right basilar chest tube that crossed the midline.", "742": "The lungs are otherwise without evidence of focal airspace consolidation to suggest pneumonia.", "743": "Right pleural effusion.", "744": "No pulmonary edema.", "745": "Linear opacities at the bases likely reflect atelectasis and/or scarring.", "746": "No pneumothorax.", "747": "No acute bony abnormality.", "748": "Degenerative changes in the mid thoracic spine.", "749": "Lungs are clear.", "750": "Pleural surfaces are clear without effusion or pneumothorax.", "751": "No acute cardiopulmonary abnormality.", "752": "Previously identified millimetric lung nodules are not visible on radiography.", "753": "Cardiomediastinal silhouette and hilar contours are normal.", "754": "Heart size is normal.", "755": "Vascular congestion is noted, overall slightly improved since the previous study.", "756": "There is no pneumothorax.", "757": "Cardiomegaly is substantial, unchanged.", "758": "Moderate pulmonary edema has worsened, partially obscuring the multiple lung nodules due to metastasis or widespread infection.", "759": "Pleural effusions are presumed, but not large.", "760": "No pneumothorax.", "761": "More severe consolidation in the left lower lobe looks like pneumonia.", "762": "FINAL REPORT EXAMINATION:  DX CHEST PORTABLE PICC LINE PLACEMENT", "763": "Previous PIC line has been removed.", "764": "Nasogastric drainage tube passes into the stomach and out of view.", "765": "Mild cardiomegaly has worsened.", "766": "Tip of the endotracheal tube at the upper margin of the clavicles is no less than 6 cm from the carina an should not be withdrawn any further.", "767": "Unchanged moderate-to-severe bilateral pleural effusions with mild fluid overload and bilateral areas of atelectasis.", "768": "FINDINGS:  The tip of the Dobbhoff catheter is not included on the image.", "769": "Otherwise, unchanged radiograph with the exception of the removal of one of the orogastric devices.", "770": "Frontal and lateral views of the chest demonstrate normal lung volumes.", "771": "No focal consolidation, pleural effusion or pneumothorax.", "772": "There is no pulmonary edema.", "773": "No evidence of acute cardiopulmonary process.", "774": "Hilar and mediastinal silhouettes are unremarkable.", "775": "Heart size is normal.", "776": "Unchanged minimal atelectatic lung areas at the lung bases bilaterally.", "777": "WET READ: ___ ___ ___ 9:52 PM  Right ___, ___, ___ and 6th rib fractures, acuity unknown.Interval decrease in  right effusion, now small.", "778": "Mild bibasilar atelectasis.", "779": "FINDINGS:  As compared to previous radiograph, there is minimally increased intrapulmonary fluid, causing mild-to-moderate fluid overload.", "780": "No evidence of pneumonia.", "781": "Unchanged moderate cardiomegaly, sternal wires and clips after CABG.", "782": "The lungs remain clear.", "783": "No acute cardiopulmonary process.", "784": "The cardiomediastinal silhouette is within normal limits.", "785": "No acute osseous abnormalities.", "786": "No pleural effusions.", "787": "No pulmonary edema.", "788": "The heart remains moderately enlarged, apical thickening continues to be seen bilaterally in a symmetrical distribution.", "789": "No pneumonia.", "790": "The lungs are clear.", "791": "No acute cardiopulmonary process.", "792": "There is no focal consolidation, effusion, or pneumothorax.", "793": "The cardiomediastinal silhouette is within normal limits.", "794": "Right chest wall dual lead pacing device is again noted.", "795": "The lungs are well-expanded and clear.", "796": "The  pleural surfaces are normal.", "797": "No evidence of pneumonia", "798": "The cardiomediastinal silhouette is unremarkable.", "799": "The pulmonary vasculature is normal.", "800": "Lungs are clear.", "801": "No pleural effusion or pneumothorax is seen.", "802": "No acute cardiopulmonary abnormality.", "803": "The mediastinal and hilar contours are normal.", "804": "Heart size is normal.", "805": "There are no acute osseous abnormalities.", "806": "The lungs are well expanded and clear.", "807": "No pneumothorax or pleural effusion.", "808": "Mediastinal contour, hila, and cardiac silhouette are normal.", "809": "Right Port-A-Cath terminates at the cavoatrial junction.", "810": "Lung volumes have somewhat decreased and there continue to be stable areas of fibrotic change.", "811": "The lung volumes have diminished and there are patchy opacities, slightly more prominent at both lung bases, likely reflecting atelectasis, although superimposed infection cannot be entirely excluded.", "812": "No large effusions.", "813": "No pneumothorax.", "814": "1.  Right internal jugular Port-A-Cath remains in place with the tip projecting in the proximal right atrium, unchanged.", "815": "Lungs are clear.", "816": "There is no pleural effusion or pneumothorax.", "817": "The right PICC line tip is at the level of mid SVC.", "818": "Heart size and mediastinum are unremarkable.", "819": "FINDINGS:  The lungs are clear, there is slight airspace opacity in the right base along the right heart border.", "820": "IMPRESSION:  No lobar pneumonia, slight right basilar opacity may be atelectasis, cannot exclude an atypical pneumonia or bronchitis.", "821": "There is no effusion, or pneumothorax.", "822": "The mediastinal contours are unremarkable.", "823": "The heart size is stable, top normal.", "824": "Note is made of degenerative change of the visualized thoracic spine.", "825": "An increasing consolidation with marked volume loss of the right upper lobe persists with decreased aeration and greater opacification.", "826": "There is no definite pleural effusion or pneumothorax.", "827": "IMPRESSION:  Increasing opacification of the right upper lobe with substantial volume loss and air bronchograms, in addition to widespread patchy opacities including patchy geographic and nodular opacities in the left lower lung.", "828": "Volume loss is again associated with moderate relative elevation of the right hemidiaphragm.", "829": "This appearance could be seen with an infectious etiology including atypical forms of pneumonia.", "830": "Short-term followup radiographs are recommended to reassess, and particularly if suspicion for discrete nodules were to persist, then chest CT could be considered.", "831": "In addition, there are vague patchy opacities which are new and widespread within each lung, especially in the left infrahilar region.", "832": "FINDINGS:  A Port-A-Cath terminates in the superior vena cava.", "833": "There is again a gastrostomy tube projecting over the left upper quadrant and cholecystectomy clips projecting over the right upper quadrant of the abdomen.", "834": "The heart is normal in size.", "835": "Perihilar edema has decreased in severity, and right pleural effusion has apparently decreased in size.", "836": "Frontal and lateral views of the chest demonstrate normal lung volumes without pleural effusion, focal consolidation or pneumothorax.", "837": "There is no pulmonary edema.", "838": "No evidence of acute cardiopulmonary process.", "839": "Hilar and mediastinal silhouettes are unremarkable.", "840": "Heart size is normal.", "841": "Low lung volumes cause bronchovascular crowding.", "842": "Allowing for this, there is no frank consolidation or pulmonary edema.", "843": "Images document advancing a Dobbhoff tube below the diaphragm.", "844": "The left-sided PICC line ends in the lower SVC.", "845": "New Dobbhoff tube ends within the stomach or possibly the proximal duodenum.", "846": "Right lung is clear.", "847": "No pneumothorax.", "848": "Opacification at the base of the left lung is probably a combination of moderate left pleural effusion and basal atelectasis.", "849": "Normal cardiomediastinal silhouette.", "850": "Right PIC line ends in the upper right atrium.", "851": "There is no evidence of pulmonary edema or congestion.", "852": "No acute intrathoracic process.", "853": "Two views of the chest were provided demonstrating no focal consolidation, effusion or pneumothorax.", "854": "The cardiomediastinal silhouette appears normal.", "855": "One apical right chest tube remains in place.", "856": "One chest tube has been removed.", "857": "There is no evident pneumothorax.", "858": "There has been interval development in small-to-moderate bilateral pleural effusions with overlying atelectasis, underlying consolidation cannot be excluded.", "859": "Additionally, there is area of opacity in the right upper lung which could be due to infection, aspiration, or even an underlying pulmonary lesion.", "860": "Slight prominence of the hila may be due to underlying minimal pulmonary vascular engorgement.", "861": "IMPRESSION:  Bilateral pleural effusions with overlying atelectasis, underlying consolidation cannot be excluded.", "862": "Additional opacity in the right upper lung could be due to consolidation due to infection, aspiration.", "863": "However, underlying pulmonary mass is not excluded, most recent priors from ___.", "864": "The cardiac silhouette appears mildly enlarged.", "865": "Stable elevation of the right  hemidiaphragm with adjacent atelectasis.", "866": "WET READ: ___ ___ ___ 5:52 PM  Improved position of left PICC with tip at the confluence of the SVC and left  brachiocephalic vein.", "867": "Enteric tube in place.", "868": "The AP radiograph currently demonstrates improved position of the left PICC line with its tip at the confluence of SVC and left brachiocephalic vein.", "869": "The pulmonary vasculature is not congested.", "870": "No other new pulmonary abnormalities are seen.", "871": "When comparison is made with the next preceding PA and lateral chest examination of ___, this pneumonic infiltrate is new.", "872": "There is now left-sided basal pulmonary parenchymal infiltrate obliterating the diaphragmatic contour and that of the lower descending thoracic aorta.", "873": "Mild degree of blunting of the left lateral and posterior pleural sinus is also present.", "874": "The heart size is at the upper limit of normal variation.", "875": "The pulmonary vasculature is not engorged.", "876": "Patchy opacities are noted within the lung bases, findings which could reflect atelectasis, however infection is not completely excluded in the correct clinical setting.", "877": "There is no focal consolidation, pleural effusion or pneumothorax.", "878": "Minimal patchy opacities in the lung bases may reflect atelectasis, but infection cannot be excluded in the correct clinical setting.", "879": "The mediastinal and hilar contours are unremarkable.", "880": "Heart size is normal.", "881": "No acute osseous abnormality is visualized.", "882": "There is no pneumothorax.", "883": "Right PICC tip is in the lower SVC.", "884": "Upper zone re-distribution and diffuse vascular blurring, consistent with CHF.", "885": "Cardiomegaly with CHF and interstitial edema.", "886": "Blunting of both costophrenic angles, consistent with small effusions.", "887": "On the right, a small amount of underlying collapse and/or consolidation cannot be excluded.", "888": "Small left- greater-than-right effusions, with underlying collapse and/or consolidation.", "889": "Increased retrocardiac density, with obscuration of left hemidiaphragm, consistent with left lower lobe collapse and/or consolidation.", "890": "Right IJ central line tip over lower SVC.", "891": "Moderately severe cardiomegaly.", "892": "No other acute intrathoracic process.", "893": "There is no focal consolidation, effusion, or pneumothorax.", "894": "NG-tube tip is in the stomach, but the side port is just distal to the GE junction.", "895": "Right subclavian Porta-Cath tip is again seen in the lower SVC.", "896": "Aorta is slightly unfolded.", "897": "Side port of the NG tube is distal to the GE junction.", "898": "Heart size is top normal.", "899": "The pre-existing parenchymal opacity in the right upper lobe has substantially decreased in extent and severity.", "900": "As compared to the previous radiograph, there is no evidence of pneumothorax after mediastinoscopy.", "901": "No new parenchymal opacities.", "902": "Moderate cardiomegaly.", "903": "Frontal and lateral chest radiographs demonstrate a normal cardiomediastinal silhouette and fairly well-aerated lungs.", "904": "An opacity in the lower right lung corresponds to an opacity seen on CT chest from the same day, felt to represent bronchial mucoid impaction.", "905": "There is no pleural effusion or pneumothorax.", "906": "Opacity in the right lower lobe corresponds to an area felt to represent bronchial mucoid impaction on CT from the same day.", "907": "No other focal consolidation is identified.", "908": "No other focal consolidation identified.", "909": "There is no large pleural effusion or pneumothorax.", "910": "Pulmonary vascular congestion is seen.", "911": "Pulmonary vascular congestion.", "912": "No focal consolidation is seen.", "913": "No focal consolidation.", "914": "Dual lead left-sided pacemaker is seen with leads extending to the expected positions of the right atrium and right ventricle.", "915": "The aorta is relatively unfolded and calcified.", "916": "The cardiac silhouette is mildly enlarged.", "917": "There are lower lung volumes with bibasilar atelectatic changes and blunting of the costophrenic angles that could represent small effusions.", "918": "In comparison with the study of ___, there is an placement of a nasogastric tube with extends to the mid to lower body of the stomach.", "919": "The lungs are clear.", "920": "The pulmonary vascularity is normal.", "921": "There are no pleural effusions or pneumothoraces.", "922": "IMPRESSION:  No acute cardiopulmonary process.", "923": "The mediastinal and hilar contours are normal.", "924": "PA AND LATERAL VIEWS OF THE CHEST:  The heart size is normal.", "925": "Mild degenerative changes are noted in the thoracic spine.", "926": "The lungs are clear.", "927": "No acute cardiopulmonary process.", "928": "The cardiomediastinal silhouette is within normal limits.", "929": "No acute osseous abnormalities identified.", "930": "Lungs are clear.", "931": "Pleural surfaces are clear without effusion or pneumothorax.", "932": "Cardiomediastinal silhouette and hilar contours are normal.", "933": "Heart size is normal.", "934": "The lungs are clear.", "935": "IMPRESSION:  No acute intrathoracic process.", "936": "No effusion or pneumothorax is seen.", "937": "The heart is top normal in size.", "938": "PA AND LATERAL VIEWS OF THE CHEST:  There is no focal airspace consolidation to suggest pneumonia.", "939": "Hazy, rounded opacity seen in the right mid lung, best appreciated on the frontal view, is not fully evaluated on this study.", "940": "There is no large pleural effusion.", "941": "IMPRESSION: 1.  No acute intrathoracic process.", "942": "2.  Right mid lung rounded opacity not fully evaluated on this study.", "943": "The heart size and mediastinum are normal.", "944": "There is no pulmonary edema or pneumonia or any appreciable pleural effusion.", "945": "The trachea is deviated by tortuous vessel to the head and neck and an enlarged right thyroid lobe.", "946": "Chronic moderate cardiomegaly, accompanied by hilar vascular engorgement, is chronic.", "947": "No pneumothorax.", "948": "There may be a small to moderate hiatus hernia.", "949": "No pleural effusion or pneumothorax is seen.", "950": "No evidence of pneumonia.", "951": "Mild opacity in the lingula likely chronic atelectasis, similar to previous imaging.", "952": "Chronic atelectasis of the lingula, unchanged from previous", "953": "Interval placement of a single lead left pectoral pacemaker with lead placement in right ventricle.", "954": "The cardiac and mediastinal silhouettes are unchanged with stable cardiomegaly.", "955": "Cardiomegaly.", "956": "Frontal and lateral chest radiographs demonstrate well expanded and clear lungs.", "957": "There is no pleural effusion or pneumothorax.", "958": "Cardiomediastinal and hilar contours are otherwise unremarkable.", "959": "There is a tortuous aorta.", "960": "There is a tortous aorta which will be further addressed when priors become available for comparison.", "961": "WET READ: ___ ___ 10:17 PM  1. Mild pulmonary vascular congestion/interstitial edema with slightly  increased opacities in the right lung base compared to ___, which  may represent asymmetric edema or superimposed pneumonia.", "962": "2. Unchanged small  bilateral pleural effusions on the right greater than the left.", "963": "There is mild pulmonary vascular congestion and interstitial edema.", "964": "Small bilateral pleural effusion, right greater than the left are similar to ___.", "965": "Opacities at the right lung base are slightly increased from the prior study.", "966": "1. Mild pulmonary vascular congestion/interstitial edema with slightly increased opacities in the right lung base compared to ___, which may represent asymmetric edema or superimposed pneumonia.", "967": "2. Unchanged small bilateral pleural effusions on the right greater than the left.", "968": "The cardiomediastinal and hilar contours are unchanged with top-normal size of the cardiac silhouette and unfolding of the thoracic aorta.", "969": "Mild calcification of the aortic knob is seen.", "970": "No acute osseous abnormalities detected.", "971": "As compared to the previous examination, there is a substantial decrease in extent of the known right pleural effusion.", "972": "No pulmonary edema.", "973": "The effusion is minimal and limited to the lateral aspect 's of the costophrenic sinus.", "974": "Mild bilateral symmetrical apical thickening", "975": "Borderline size of the cardiac silhouette.", "976": "FINDINGS:  PA and lateral views of the chest were provided demonstrating clear well-expanded lungs without focal consolidation, effusion, or pneumothorax.", "977": "IMPRESSION:  No acute intrathoracic process.", "978": "The cardiomediastinal silhouette is normal.", "979": "FINDINGS:  There is no focal consolidation, pleural effusion, pneumothorax, or pulmonary edema identified.", "980": "IMPRESSION:  No radiographic evidence for acute cardiopulmonary process.", "981": "Mediastinal and hilar contours are normal.", "982": "The heart size is normal.", "983": "No acute bony abnormalities are detected.", "984": "Large left-sided pleural effusion with mild associated mediastinal shift to the right is new.", "985": "No right lung lesions.", "986": "Large left -sided pleural effusion with mild mass effect.", "987": "Left prepectoral dual lead pacemaker in-situ with the lead tips in the right atrium and right ventricle.", "988": "Right prepectoral Port-A-Cath in situ with the tip in the proximal right atrium.", "989": "Known lung cancer, status post mediastinoscopy.", "990": "No pleural effusions.", "991": "No pulmonary edema.", "992": "Known left perihilar consolidations and masses, no evidence of pneumothorax or pneumomediastinum.", "993": "WET READ VERSION #1 ___ ___ ___ 5:12 AM  No evidence of acute cardiopulmonary process.", "994": "There is no pleural effusion, pulmonary edema, or pneumothorax.", "995": "WET READ: ___ ___ 8:52 AM  Possible early left lower lung infectious process.", "996": "Possible early left lower lung infectious process.", "997": "NOTIFICATION:  The possibility of a left lower lobe infectious process was emailed to the ED QA nurses for follow-up by Dr. ___ at 08:51 on ___, ___ min after discovery.", "998": "Indistinct opacity at the left heart border may represent an early infection.", "999": "The cardiomediastinal contour is normal.", "1000": "As compared to the recent radiograph from earlier the same date, right lower lobe opacities have improved, and may be due to resolving asymmetrical edema or aspiration.", "1001": "Exam is otherwise remarkable for is slightly more proximal location of the feeding tube and development of mild gastric distension.", "1002": "Cardiomediastinal contours are stable in appearance with prominent main pulmonary artery contour, likely due to provided history of pulmonary arterial hypertension.", "1003": "Mild interstitial edema is present within the lungs.", "1004": "Previously reported basilar lung opacities have improved.", "1005": "FINDINGS:  Swan-Ganz catheter has been placed via a right internal jugular approach, and terminates in the interlobar portion of the right pulmonary artery.", "1006": "Lungs are clear.", "1007": "Pulmonary vascularity is normal.", "1008": "No pleural effusion or pneumothorax is present.", "1009": "No acute cardiopulmonary process.", "1010": "The cardiac, mediastinal and hilar contours are normal.", "1011": "No acute osseous abnormalities are detected.", "1012": "Bilateral pleural effusions are again noted, small without significant change.", "1013": "There is minimal increased opacity in the right mid and lower lung which in the correct clinical setting could represent pneumonia.", "1014": "Stable small pleural effusions with subtly increased opacity in the right mid and lower lung, which could represent pneumonia.", "1015": "Right chest wall Port-A-Cath is unchanged in position with tip in the upper SVC.", "1016": "There is interval improvement in pulmonary edema.", "1017": "Cardiomegaly is unchanged.", "1018": "The lungs are hyperinflated in keeping with history of COPD.", "1019": "There is no pleural effusion or pneumothorax.", "1020": "Focal pleural and parenchymal scarring at the right base appears unchanged.", "1021": "No consolidation is identified.", "1022": "Stable radiographic appearance of the chest, with no evidence of pneumonia.", "1023": "Calcifications of the aortic arch are noted.", "1024": "There is slight blunting of the bilateral posterior costophrenic angles may be due to pleural thickening versus very trace pleural effusions.", "1025": "No pulmonary edema is seen.", "1026": "Slight blunting of the bilateral posterior costophrenic angles may be due to pleural thickening or very trace pleural effusions.", "1027": "No focal consolidation is seen.", "1028": "No pneumothorax is seen.", "1029": "No focal consolidation to suggest pneumonia.", "1030": "Retrocardiac opacity with air-fluid level is consistent with the large hiatal hernia.", "1031": "Hiatal hernia.", "1032": "Cardiac silhouette is top-normal."}