{"0": "Blunting of the CP angles bilaterally likely reflect small pleural effusions.", "1": "Tiny pleural effusions.", "2": "Severe background emphysema is evident with hyperinflation and lucent appearance of the chest with scattered areas of scarring.", "3": "No convincing signs of pneumonia or edema.", "4": "No pneumothorax.", "5": "Severe COPD without superimposed pneumonia.", "6": "The heart is mildly enlarged.", "7": "Improvement in right mid and lower lung pulmonary  opacities.", "8": "Right pleural effusion is small if present.", "9": "Improvement in right mid and lower lung pulmonary  opacities.", "10": "Right pleural effusion is small if present.", "11": "Previous asymmetric pulmonary edema has nearly resolved.", "12": "Pleural effusions is ___.", "13": "No pneumothorax.", "14": "Left lower lobe is still collapsed.", "15": "Persistent left  retrocardiac opacity remains, which may reflect atelectasis or pneumonia in  the correct clinical setting.", "16": "Persistent left  retrocardiac opacity remains, which may reflect atelectasis or pneumonia in  the correct clinical setting.", "17": "Heart size top- normal.", "18": "Right jugular line and slow in the right atrium.", "19": "Moderate right pleural effusion and moderate pulmonary edema worsened since ___.", "20": "Consolidation at the right lung base could be a combination of edema and atelectasis but pneumonia is of serious concern.", "21": "No pneumothorax.", "22": "Heart size is top-normal size, increased since ___.", "23": "Pulmonary edema has been improving since ___, nearly resolved.", "24": "Opacification at the lung bases is probably a combination of atelectasis and pleural effusion.", "25": "No pneumothorax.", "26": "No pneumomediastinum.", "27": "Heart size is normal.", "28": "The pulmonary vasculature is unremarkable.", "29": "The lungs are clear without focal or diffuse abnormality.", "30": "No pleural effusion or pneumothorax.", "31": "IMPRESSION:  No acute cardiopulmonary process.", "32": "The heart is of normal size with normal cardiomediastinal contours.", "33": "Pulmonary vasculature is not engorged.", "34": "Lung volumes are low.", "35": "Streaky opacity in the right lung base likely reflects subsegmental atelectasis.", "36": "Small right pleural effusion is unchanged.", "37": "Unchanged right basilar opacity, likely atelectasis, with small right pleural effusion.", "38": "No pneumothorax is demonstrated.", "39": "The patient is status post median sternotomy and CABG.", "40": "Mild enlargement of cardiac silhouette is unchanged.", "41": "The pulmonary vasculature is normal.", "42": "Lungs are clear.", "43": "No pleural effusion or pneumothorax is seen.", "44": "No acute cardiopulmonary abnormality.", "45": "The mediastinal and hilar contours are normal.", "46": "Heart size is normal.", "47": "There is mild perihilar haziness with vascular indistinctness compatible with mild pulmonary congestion.", "48": "Hazy opacification within the lung bases indicates the presence of small layering pleural effusions, which are likely similar when compared to the prior study allowing for differences in patient positioning.", "49": "Bibasilar airspace opacities likely reflect atelectasis and are unchanged.", "50": "Mild pulmonary vascular congestion with continued bibasilar airspace opacities, likely atelectasis, and small bilateral pleural effusions.", "51": "No pneumothorax is present.", "52": "The patient is status post median sternotomy and CABG.", "53": "Moderate to severe cardiomegaly is unchanged.", "54": "FINDINGS:  As compared to the previous radiograph, pre-existing small pleural effusions have completely resolved.", "55": "There is no cardiomegaly or no pulmonary edema.", "56": "No evidence of pneumonia.", "57": "FINDINGS:  The lungs are clear without consolidation or edema.", "58": "IMPRESSION:  No acute pulmonary process.", "59": "No effusion or pneumothorax is noted.", "60": "The cardiac silhouette is within normal limits for size.", "61": "The lungs are clear.", "62": "The pulmonary vascularity is normal.", "63": "No pleural effusion or pneumothorax is present.", "64": "IMPRESSION:  No acute cardiopulmonary process.", "65": "FINDINGS:  Cardiac, mediastinal and hilar contours are normal.", "66": "In comparison with the study of ___, there is enlargement of the cardiac silhouette with poor definition of pulmonary vessels consistent with elevated pulmonary venous pressure.", "67": "Atelectatic changes are seen at the left base.", "68": "Pulmonary vascularity is normal.", "69": "No focal consolidation, pleural effusion or pneumothorax is seen.", "70": "No acute cardiopulmonary process.", "71": "Mediastinal and hilar contours are unremarkable.", "72": "Linear opacity in the left lung base likely reflects atelectasis.", "73": "The heart size is normal.", "74": "Lung volumes are slightly low.", "75": "The cardiomediastinal silhouette, hilar contours, and pleural surfaces are normal.", "76": "There is no pleural effusion or pneumothorax.", "77": "Slightly low lung volumes but no evidence of pneumonia.", "78": "There is no evidence of pneumonia.", "79": "WET READ: ___ ___ 1:06 PM  No acute cardiopulmonary abnormality.", "80": "The lungs are normally expanded and clear.", "81": "The cardiomediastinal silhouette, hilar contours, and pleural surfaces are normal.", "82": "There is no pleural effusion or pneumothorax.", "83": "No acute cardiopulmonary abnormality.", "84": "Lungs are clear and the pulmonary vasculature is normal.", "85": "No pleural effusion or pneumothorax is seen.", "86": "No acute cardiopulmonary process.", "87": "The cardiac, mediastinal and hilar contours are normal.", "88": "No acute  cardiopulmonary abnormality.", "89": "Stable mild enlargement of the hilar structures, likely reflecting pulmonary hypertension.", "90": "Non characteristic scarring in the right and left lung apex.", "91": "No evidence of acute abnormalities such as pneumonia or pulmonary edema.", "92": "Emphysematous changes are noted.", "93": "Moderate overinflation persists.", "94": "As compared to the previous radiograph, there is unchanged evidence of moderate pulmonary edema and bilateral pleural effusions are present.", "95": "Moderate cardiomegaly with areas of atelectasis at the lung bases.", "96": "No pneumothorax.", "97": "PA and lateral views of the chest demonstrate normal lung volumes without pleural effusion, focal consolidation, or pneumothorax.", "98": "There is no pulmonary edema.", "99": "Normal cardiac size without evidence of acute cardiopulmonary process.", "100": "Hilar and mediastinal silhouettes are unremarkable.", "101": "Heart size is normal.", "102": "Suggest 6 weeks  followup chest radiographs for right apical lesion to exclude reactivation  tuberculosis or early lung cancer, unless prior radiographs can be obtained  that demonstrate it is inert.", "103": "Small stellate, subpleural opacity in the apex of the right lung (level of first anterior interspace) at the end of linear scarring or atelectasis is likely a tuberculous scar, but would need documentation of ___ years' stability before it can be considered inert.", "104": "Pleural surfaces are clear without effusion or pneumothorax.", "105": "Suggest 6 week followup chest radiographs for right apical lesion to exclude reactivation tuberculosis or early lung cancer, unless prior radiographs can be obtained that demonstrate it is inert.", "106": "Hilar contours are unremarkable.", "107": "FINDINGS:  Heart size is normal with mild tortuosity of the thoracic aorta."}