{"0": [{"x": 2, "y": 52, "width": 214, "height": 357, "label": "right lung"}, {"x": 255, "y": 59, "width": 217, "height": 379, "label": "left lung"}], "1": [{"x": 2, "y": 52, "width": 214, "height": 357, "label": "right lung"}, {"x": 255, "y": 59, "width": 217, "height": 379, "label": "left lung"}], "2": [{"x": 112, "y": 182, "width": 102, "height": 106, "label": "right hilar structures"}, {"x": 255, "y": 180, "width": 101, "height": 121, "label": "left hilar structures"}, {"x": 172, "y": 251, "width": 209, "height": 142, "label": "cardiac silhouette"}], "3": [{"x": 73, "y": 91, "width": 196, "height": 276, "label": "right lung"}, {"x": 288, "y": 113, "width": 171, "height": 232, "label": "left lung"}], "4": [{"x": 73, "y": 91, "width": 196, "height": 276, "label": "right lung"}, {"x": 288, "y": 113, "width": 171, "height": 232, "label": "left lung"}, {"x": 189, "y": 256, "width": 236, "height": 114, "label": "cardiac silhouette"}], "5": [{"x": 73, "y": 91, "width": 196, "height": 276, "label": "right lung"}, {"x": 288, "y": 113, "width": 171, "height": 232, "label": "left lung"}], "6": [{"x": 73, "y": 91, "width": 196, "height": 276, "label": "right lung"}, {"x": 169, "y": 227, "width": 93, "height": 64, "label": "right hilar structures"}, {"x": 288, "y": 113, "width": 171, "height": 232, "label": "left lung"}, {"x": 288, "y": 229, "width": 82, "height": 51, "label": "left hilar structures"}], "7": [{"x": 288, "y": 113, "width": 171, "height": 232, "label": "left lung"}], "8": [{"x": 288, "y": 113, "width": 171, "height": 232, "label": "left lung"}], "9": [{"x": 189, "y": 256, "width": 236, "height": 114, "label": "cardiac silhouette"}], "10": [{"x": 9, "y": 139, "width": 212, "height": 374, "label": "right lung"}, {"x": 114, "y": 263, "width": 91, "height": 121, "label": "right hilar structures"}, {"x": 221, "y": 167, "width": 201, "height": 286, "label": "left lung"}, {"x": 226, "y": 269, "width": 87, "height": 85, "label": "left hilar structures"}, {"x": 160, "y": 321, "width": 221, "height": 156, "label": "cardiac silhouette"}], "11": [{"x": 9, "y": 139, "width": 212, "height": 374, "label": "right lung"}, {"x": 221, "y": 167, "width": 201, "height": 286, "label": "left lung"}], "12": [{"x": 9, "y": 139, "width": 212, "height": 374, "label": "right lung"}, {"x": 221, "y": 167, "width": 201, "height": 286, "label": "left lung"}], "13": [{"x": 221, "y": 167, "width": 201, "height": 286, "label": "left lung"}], "14": [{"x": 95, "y": 63, "width": 142, "height": 367, "label": "right lung"}, {"x": 171, "y": 181, "width": 66, "height": 120, "label": "right hilar structures"}, {"x": 269, "y": 52, "width": 176, "height": 365, "label": "left lung"}, {"x": 271, "y": 183, "width": 76, "height": 110, "label": "left hilar structures"}], "15": [{"x": 95, "y": 63, "width": 142, "height": 367, "label": "right lung"}], "16": [{"x": 95, "y": 63, "width": 142, "height": 367, "label": "right lung"}, {"x": 171, "y": 181, "width": 66, "height": 120, "label": "right hilar structures"}, {"x": 269, "y": 52, "width": 176, "height": 365, "label": "left lung"}, {"x": 271, "y": 183, "width": 76, "height": 110, "label": "left hilar structures"}], "17": [{"x": 95, "y": 63, "width": 142, "height": 367, "label": "right lung"}], "18": [{"x": 95, "y": 63, "width": 142, "height": 367, "label": "right lung"}, {"x": 269, "y": 52, "width": 176, "height": 365, "label": "left lung"}], "19": [{"x": 175, "y": 252, "width": 206, "height": 154, "label": "cardiac silhouette"}], "20": [{"x": 47, "y": 74, "width": 224, "height": 346, "label": "right lung"}, {"x": 285, "y": 71, "width": 163, "height": 379, "label": "left lung"}], "21": [{"x": 169, "y": 186, "width": 93, "height": 110, "label": "right hilar structures"}, {"x": 285, "y": 183, "width": 80, "height": 127, "label": "left hilar structures"}], "22": [{"x": 285, "y": 71, "width": 163, "height": 379, "label": "left lung"}], "23": [{"x": 285, "y": 71, "width": 163, "height": 379, "label": "left lung"}], "24": [{"x": 285, "y": 71, "width": 163, "height": 379, "label": "left lung"}], "25": [{"x": 214, "y": 274, "width": 179, "height": 170, "label": "cardiac silhouette"}], "26": [{"x": 62, "y": 139, "width": 190, "height": 302, "label": "right lung"}, {"x": 266, "y": 118, "width": 244, "height": 293, "label": "left lung"}], "27": [{"x": 62, "y": 139, "width": 190, "height": 302, "label": "right lung"}, {"x": 153, "y": 221, "width": 88, "height": 103, "label": "right hilar structures"}, {"x": 266, "y": 118, "width": 244, "height": 293, "label": "left lung"}, {"x": 271, "y": 224, "width": 99, "height": 86, "label": "left hilar structures"}], "28": [{"x": 62, "y": 139, "width": 190, "height": 302, "label": "right lung"}, {"x": 266, "y": 118, "width": 244, "height": 293, "label": "left lung"}], "29": [{"x": 153, "y": 221, "width": 88, "height": 103, "label": "right hilar structures"}, {"x": 271, "y": 224, "width": 99, "height": 86, "label": "left hilar structures"}], "30": [{"x": 192, "y": 285, "width": 247, "height": 137, "label": "cardiac silhouette"}], "31": [{"x": 21, "y": 148, "width": 250, "height": 290, "label": "right lung"}, {"x": 203, "y": 166, "width": 222, "height": 341, "label": "left lung"}], "32": [{"x": 21, "y": 148, "width": 250, "height": 290, "label": "right lung"}, {"x": 203, "y": 166, "width": 222, "height": 341, "label": "left lung"}], "33": [{"x": 21, "y": 148, "width": 250, "height": 290, "label": "right lung"}, {"x": 203, "y": 166, "width": 222, "height": 341, "label": "left lung"}], "34": [{"x": 21, "y": 148, "width": 250, "height": 290, "label": "right lung"}, {"x": 203, "y": 166, "width": 222, "height": 341, "label": "left lung"}], "35": [{"x": 161, "y": 256, "width": 99, "height": 86, "label": "right hilar structures"}, {"x": 225, "y": 251, "width": 112, "height": 121, "label": "left hilar structures"}, {"x": 148, "y": 320, "width": 175, "height": 128, "label": "cardiac silhouette"}], "36": [{"x": 148, "y": 320, "width": 175, "height": 128, "label": "cardiac silhouette"}], "37": [{"x": 38, "y": 10, "width": 206, "height": 443, "label": "right lung"}, {"x": 283, "y": 8, "width": 194, "height": 436, "label": "left lung"}], "38": [{"x": 38, "y": 10, "width": 206, "height": 443, "label": "right lung"}, {"x": 148, "y": 90, "width": 91, "height": 173, "label": "right hilar structures"}, {"x": 283, "y": 8, "width": 194, "height": 436, "label": "left lung"}, {"x": 285, "y": 90, "width": 85, "height": 165, "label": "left hilar structures"}], "39": [{"x": 38, "y": 10, "width": 206, "height": 443, "label": "right lung"}], "40": [{"x": 38, "y": 10, "width": 206, "height": 443, "label": "right lung"}, {"x": 283, "y": 8, "width": 194, "height": 436, "label": "left lung"}, {"x": 207, "y": 194, "width": 204, "height": 184, "label": "cardiac silhouette"}], "41": [{"x": 207, "y": 194, "width": 204, "height": 184, "label": "cardiac silhouette"}], "42": [{"x": 207, "y": 194, "width": 204, "height": 184, "label": "cardiac silhouette"}], "43": [{"x": 13, "y": 72, "width": 221, "height": 373, "label": "right lung"}, {"x": 140, "y": 201, "width": 91, "height": 116, "label": "right hilar structures"}, {"x": 273, "y": 77, "width": 232, "height": 391, "label": "left lung"}, {"x": 276, "y": 201, "width": 96, "height": 127, "label": "left hilar structures"}], "44": [{"x": 13, "y": 72, "width": 221, "height": 373, "label": "right lung"}, {"x": 273, "y": 77, "width": 232, "height": 391, "label": "left lung"}], "45": [{"x": 13, "y": 72, "width": 221, "height": 373, "label": "right lung"}, {"x": 273, "y": 77, "width": 232, "height": 391, "label": "left lung"}], "46": [{"x": 13, "y": 72, "width": 221, "height": 373, "label": "right lung"}, {"x": 273, "y": 77, "width": 232, "height": 391, "label": "left lung"}], "47": [{"x": 140, "y": 201, "width": 91, "height": 116, "label": "right hilar structures"}, {"x": 276, "y": 201, "width": 96, "height": 127, "label": "left hilar structures"}, {"x": 175, "y": 262, "width": 197, "height": 149, "label": "cardiac silhouette"}], "48": [{"x": 56, "y": 75, "width": 192, "height": 404, "label": "right lung"}, {"x": 278, "y": 84, "width": 195, "height": 411, "label": "left lung"}], "49": [{"x": 56, "y": 75, "width": 192, "height": 404, "label": "right lung"}, {"x": 278, "y": 84, "width": 195, "height": 411, "label": "left lung"}], "50": [{"x": 56, "y": 75, "width": 192, "height": 404, "label": "right lung"}, {"x": 278, "y": 84, "width": 195, "height": 411, "label": "left lung"}], "51": [{"x": 152, "y": 214, "width": 90, "height": 124, "label": "right hilar structures"}, {"x": 278, "y": 212, "width": 92, "height": 135, "label": "left hilar structures"}], "52": [{"x": 207, "y": 281, "width": 160, "height": 148, "label": "cardiac silhouette"}], "53": [{"x": 54, "y": 47, "width": 206, "height": 384, "label": "right lung"}, {"x": 288, "y": 47, "width": 203, "height": 384, "label": "left lung"}], "54": [{"x": 54, "y": 47, "width": 206, "height": 384, "label": "right lung"}, {"x": 172, "y": 155, "width": 88, "height": 133, "label": "right hilar structures"}, {"x": 288, "y": 47, "width": 203, "height": 384, "label": "left lung"}, {"x": 288, "y": 155, "width": 88, "height": 133, "label": "left hilar structures"}], "55": [{"x": 54, "y": 47, "width": 206, "height": 384, "label": "right lung"}, {"x": 288, "y": 47, "width": 203, "height": 384, "label": "left lung"}], "56": [{"x": 54, "y": 47, "width": 206, "height": 384, "label": "right lung"}, {"x": 288, "y": 47, "width": 203, "height": 384, "label": "left lung"}], "57": [{"x": 54, "y": 47, "width": 206, "height": 384, "label": "right lung"}, {"x": 288, "y": 47, "width": 203, "height": 384, "label": "left lung"}], "58": [{"x": 54, "y": 47, "width": 206, "height": 384, "label": "right lung"}, {"x": 288, "y": 47, "width": 203, "height": 384, "label": "left lung"}], "59": [{"x": 54, "y": 47, "width": 206, "height": 384, "label": "right lung"}, {"x": 288, "y": 47, "width": 203, "height": 384, "label": "left lung"}], "60": [{"x": 54, "y": 47, "width": 206, "height": 384, "label": "right lung"}, {"x": 288, "y": 47, "width": 203, "height": 384, "label": "left lung"}], "61": [{"x": 131, "y": 217, "width": 247, "height": 201, "label": "cardiac silhouette"}], "62": [{"x": 19, "y": 45, "width": 197, "height": 286, "label": "right lung"}, {"x": 241, "y": 45, "width": 165, "height": 281, "label": "left lung"}], "63": [{"x": 19, "y": 45, "width": 197, "height": 286, "label": "right lung"}, {"x": 123, "y": 155, "width": 88, "height": 84, "label": "right hilar structures"}, {"x": 241, "y": 45, "width": 165, "height": 281, "label": "left lung"}, {"x": 241, "y": 157, "width": 82, "height": 80, "label": "left hilar structures"}], "64": [{"x": 19, "y": 45, "width": 197, "height": 286, "label": "right lung"}, {"x": 123, "y": 155, "width": 88, "height": 84, "label": "right hilar structures"}, {"x": 241, "y": 45, "width": 165, "height": 281, "label": "left lung"}, {"x": 241, "y": 157, "width": 82, "height": 80, "label": "left hilar structures"}], "65": [{"x": 164, "y": 224, "width": 159, "height": 164, "label": "cardiac silhouette"}], "66": [{"x": 57, "y": 62, "width": 196, "height": 443, "label": "right lung"}, {"x": 285, "y": 62, "width": 192, "height": 429, "label": "left lung"}], "67": [{"x": 169, "y": 211, "width": 80, "height": 140, "label": "right hilar structures"}, {"x": 285, "y": 214, "width": 85, "height": 129, "label": "left hilar structures"}, {"x": 217, "y": 279, "width": 173, "height": 160, "label": "cardiac silhouette"}], "68": [{"x": 8, "y": 57, "width": 247, "height": 349, "label": "right lung"}, {"x": 142, "y": 171, "width": 107, "height": 112, "label": "right hilar structures"}, {"x": 293, "y": 59, "width": 209, "height": 347, "label": "left lung"}, {"x": 293, "y": 171, "width": 105, "height": 112, "label": "left hilar structures"}], "69": [{"x": 8, "y": 57, "width": 247, "height": 349, "label": "right lung"}, {"x": 293, "y": 59, "width": 209, "height": 347, "label": "left lung"}], "70": [{"x": 8, "y": 57, "width": 247, "height": 349, "label": "right lung"}, {"x": 293, "y": 59, "width": 209, "height": 347, "label": "left lung"}], "71": [{"x": 293, "y": 59, "width": 209, "height": 347, "label": "left lung"}], "72": [{"x": 293, "y": 59, "width": 209, "height": 347, "label": "left lung"}], "73": [{"x": 214, "y": 258, "width": 266, "height": 155, "label": "cardiac silhouette"}], "74": [{"x": 214, "y": 258, "width": 266, "height": 155, "label": "cardiac silhouette"}], "75": [{"x": 79, "y": 41, "width": 170, "height": 288, "label": "right lung"}, {"x": 285, "y": 43, "width": 178, "height": 288, "label": "left lung"}], "76": [{"x": 79, "y": 41, "width": 170, "height": 288, "label": "right lung"}, {"x": 285, "y": 43, "width": 178, "height": 288, "label": "left lung"}], "77": [{"x": 161, "y": 153, "width": 85, "height": 84, "label": "right hilar structures"}, {"x": 285, "y": 153, "width": 82, "height": 84, "label": "left hilar structures"}], "78": [{"x": 107, "y": 221, "width": 285, "height": 199, "label": "cardiac silhouette"}], "79": [{"x": 43, "y": 70, "width": 206, "height": 272, "label": "right lung"}, {"x": 148, "y": 160, "width": 90, "height": 86, "label": "right hilar structures"}, {"x": 255, "y": 93, "width": 156, "height": 265, "label": "left lung"}, {"x": 258, "y": 160, "width": 76, "height": 91, "label": "left hilar structures"}], "80": [{"x": 43, "y": 70, "width": 206, "height": 272, "label": "right lung"}, {"x": 255, "y": 93, "width": 156, "height": 265, "label": "left lung"}], "81": [{"x": 43, "y": 70, "width": 206, "height": 272, "label": "right lung"}, {"x": 255, "y": 93, "width": 156, "height": 265, "label": "left lung"}], "82": [{"x": 43, "y": 70, "width": 206, "height": 272, "label": "right lung"}, {"x": 148, "y": 160, "width": 90, "height": 86, "label": "right hilar structures"}, {"x": 255, "y": 93, "width": 156, "height": 265, "label": "left lung"}, {"x": 258, "y": 160, "width": 76, "height": 91, "label": "left hilar structures"}], "83": [{"x": 164, "y": 221, "width": 173, "height": 128, "label": "cardiac silhouette"}], "84": [{"x": 64, "y": 87, "width": 189, "height": 409, "label": "right lung"}, {"x": 173, "y": 211, "width": 76, "height": 134, "label": "right hilar structures"}, {"x": 283, "y": 71, "width": 162, "height": 447, "label": "left lung"}, {"x": 285, "y": 208, "width": 78, "height": 146, "label": "left hilar structures"}, {"x": 219, "y": 307, "width": 206, "height": 184, "label": "cardiac silhouette"}], "85": [{"x": 64, "y": 87, "width": 189, "height": 409, "label": "right lung"}, {"x": 283, "y": 71, "width": 162, "height": 447, "label": "left lung"}], "86": [{"x": 64, "y": 87, "width": 189, "height": 409, "label": "right lung"}, {"x": 173, "y": 211, "width": 76, "height": 134, "label": "right hilar structures"}, {"x": 283, "y": 71, "width": 162, "height": 447, "label": "left lung"}, {"x": 285, "y": 208, "width": 78, "height": 146, "label": "left hilar structures"}, {"x": 219, "y": 307, "width": 206, "height": 184, "label": "cardiac silhouette"}], "87": [{"x": 64, "y": 87, "width": 189, "height": 409, "label": "right lung"}, {"x": 173, "y": 211, "width": 76, "height": 134, "label": "right hilar structures"}, {"x": 283, "y": 71, "width": 162, "height": 447, "label": "left lung"}, {"x": 285, "y": 208, "width": 78, "height": 146, "label": "left hilar structures"}, {"x": 219, "y": 307, "width": 206, "height": 184, "label": "cardiac silhouette"}], "88": [{"x": 219, "y": 307, "width": 206, "height": 184, "label": "cardiac silhouette"}], "89": [{"x": 49, "y": 41, "width": 195, "height": 290, "label": "right lung"}, {"x": 279, "y": 43, "width": 190, "height": 283, "label": "left lung"}], "90": [{"x": 49, "y": 41, "width": 195, "height": 290, "label": "right lung"}, {"x": 161, "y": 143, "width": 80, "height": 87, "label": "right hilar structures"}, {"x": 279, "y": 43, "width": 190, "height": 283, "label": "left lung"}, {"x": 282, "y": 143, "width": 80, "height": 87, "label": "left hilar structures"}], "91": [{"x": 49, "y": 41, "width": 195, "height": 290, "label": "right lung"}, {"x": 279, "y": 43, "width": 190, "height": 283, "label": "left lung"}, {"x": 211, "y": 198, "width": 203, "height": 119, "label": "cardiac silhouette"}], "92": [{"x": 49, "y": 41, "width": 195, "height": 290, "label": "right lung"}, {"x": 279, "y": 43, "width": 190, "height": 283, "label": "left lung"}], "93": [{"x": 161, "y": 143, "width": 80, "height": 87, "label": "right hilar structures"}, {"x": 282, "y": 143, "width": 80, "height": 87, "label": "left hilar structures"}], "94": [{"x": 211, "y": 198, "width": 203, "height": 119, "label": "cardiac silhouette"}], "95": [{"x": 211, "y": 198, "width": 203, "height": 119, "label": "cardiac silhouette"}], "96": [{"x": 84, "y": 75, "width": 187, "height": 228, "label": "right lung"}, {"x": 170, "y": 185, "width": 88, "height": 54, "label": "right hilar structures"}, {"x": 279, "y": 84, "width": 168, "height": 240, "label": "left lung"}, {"x": 279, "y": 185, "width": 83, "height": 64, "label": "left hilar structures"}], "97": [{"x": 84, "y": 75, "width": 187, "height": 228, "label": "right lung"}, {"x": 279, "y": 84, "width": 168, "height": 240, "label": "left lung"}], "98": [{"x": 84, "y": 75, "width": 187, "height": 228, "label": "right lung"}, {"x": 170, "y": 185, "width": 88, "height": 54, "label": "right hilar structures"}, {"x": 279, "y": 84, "width": 168, "height": 240, "label": "left lung"}, {"x": 279, "y": 185, "width": 83, "height": 64, "label": "left hilar structures"}], "99": [{"x": 84, "y": 75, "width": 187, "height": 228, "label": "right lung"}, {"x": 279, "y": 84, "width": 168, "height": 240, "label": "left lung"}], "100": [{"x": 170, "y": 185, "width": 88, "height": 54, "label": "right hilar structures"}, {"x": 279, "y": 185, "width": 83, "height": 64, "label": "left hilar structures"}], "101": [{"x": 222, "y": 219, "width": 176, "height": 98, "label": "cardiac silhouette"}], "102": [{"x": 52, "y": 74, "width": 178, "height": 389, "label": "right lung"}, {"x": 146, "y": 214, "width": 78, "height": 120, "label": "right hilar structures"}, {"x": 256, "y": 76, "width": 173, "height": 407, "label": "left lung"}, {"x": 258, "y": 214, "width": 77, "height": 126, "label": "left hilar structures"}], "103": [{"x": 52, "y": 74, "width": 178, "height": 389, "label": "right lung"}, {"x": 256, "y": 76, "width": 173, "height": 407, "label": "left lung"}], "104": [{"x": 52, "y": 74, "width": 178, "height": 389, "label": "right lung"}, {"x": 146, "y": 214, "width": 78, "height": 120, "label": "right hilar structures"}, {"x": 256, "y": 76, "width": 173, "height": 407, "label": "left lung"}, {"x": 258, "y": 214, "width": 77, "height": 126, "label": "left hilar structures"}], "105": [{"x": 52, "y": 74, "width": 178, "height": 389, "label": "right lung"}, {"x": 256, "y": 76, "width": 173, "height": 407, "label": "left lung"}], "106": [{"x": 256, "y": 76, "width": 173, "height": 407, "label": "left lung"}], "107": [{"x": 256, "y": 76, "width": 173, "height": 407, "label": "left lung"}], "108": [{"x": 182, "y": 282, "width": 199, "height": 162, "label": "cardiac silhouette"}], "109": [{"x": 182, "y": 282, "width": 199, "height": 162, "label": "cardiac silhouette"}]}