{"0": "The patient is status post right upper and partial right middle lobectomies with suture material noted in the right hilum and redemonstration of volume loss in the right lung with elevation of the right hemidiaphragm.", "1": "Lungs are clear without focal consolidation.", "2": "No pleural effusion or pneumothorax is visualized.", "3": "There is no pulmonary vascular engorgement.No acute osseous abnormalities detected.", "4": "No acute cardiopulmonary abnormality.", "5": "Cardiac, mediastinal and left hilar contours are within normal limits.", "6": "The lungs are clear without focal consolidation.", "7": "No pleural effusion or pneumothorax is seen.", "8": "IMPRESSION:  No acute cardiopulmonary process.", "9": "Hilar contours are also unremarkable.", "10": "The cardiac and mediastinal silhouettes are unremarkable.", "11": "There is upper zone redistribution and diffuse vascular blurring, with small-to-moderate right and small left effusions, and underlying collapse and/or consolidation.", "12": "The patient is status post sternotomy, with two prosthetic valves.", "13": "There is probable mild cardiomegaly.", "14": "Lungs are clear without focal consolidation.", "15": "No pleural effusion or pneumothorax is seen.", "16": "No pulmonary edema is seen.", "17": "No acute cardiopulmonary process.", "18": "The cardiac silhouette remains mildly enlarged.", "19": "The lung volumes have decreased, causing slightly increased areas of atelectasis at the left and right lung base.", "20": "Mild to moderate pulmonary edema persists.", "21": "No larger pleural effusions.", "22": "Mild cardiomegaly is present.", "23": "There may be mild pulmonary vascular congestion, otherwise the hilar and mediastinal contours are normal.", "24": "Mild pulmonary vascular congestion.", "25": "There is no evidence of pneumothorax.", "26": "There is a small left pleural effusion.", "27": "FINDINGS:  Mild cardiomegaly has been stable compared to exams dated back to at least ___.", "28": "There is mild pulmonary vascular congestion.", "29": "On the lateral view, there is mild blunting of the costophrenic angles posteriorly suggestive of minimal bilateral pleural effusions.", "30": "IMPRESSION:  Mild pulmonary vascular congestion and trace bilateral pleural effusions.", "31": "No focal consolidation or pneumothorax is present.", "32": "PA AND LATERAL VIEWS OF THE CHEST:  Left-sided AICD/pacemaker device is noted with leads terminating in the right atrium and right ventricle, in unchanged positions.", "33": "Moderate cardiomegaly is stable.", "34": "Lungs clear.", "35": "Cardiomediastinal and hilar silhouettes and pleural surfaces are normal.", "36": "Lung volumes are low.", "37": "There is likely streaky atelectasis at the lateral lung bases, but no pole consolidation or pleural effusions.", "38": "No acute intrathoracic process.", "39": "No pneumothorax.", "40": "Mediastinal and hilar contours are unremarkable.", "41": "Heart size is normal.", "42": "Unchanged relatively low lung volumes.", "43": "Borderline size of the cardiac silhouette without pulmonary edema.", "44": "No pleural effusions.", "45": "No pneumonia.", "46": "Moderate bilateral pleural effusions and severe bibasilar atelectasis have worsened.", "47": "Upper lobe pulmonary vasculature is engorged but there is probably not pulmonary edema.", "48": "No pneumothorax.", "49": "Moderate to severe cardiomegaly may have increased.", "50": "There is no pneumothorax or pleural effusion.", "51": "Mild vascular congestion is new.", "52": "Mild vascular congestion", "53": "Cardiac size is minimally enlarged as before.", "54": "Lungs are clear, and there are no pleural effusions or acute skeletal findings.", "55": "IMPRESSION:  No evidence of pneumonia.", "56": "FINDINGS:  Heart size, mediastinal and hilar contours are normal.", "57": "FINDINGS:  The lung volumes are normal.", "58": "There is no evidence of pleural effusions.", "59": "Linear structures at both lung bases, mimicking plate-like atelectasis, are in fact caused by calcified costochondral junctions.", "60": "No focal parenchymal opacity suggesting pneumonia.", "61": "Normal hilar and mediastinal contours.", "62": "Borderline size of the cardiac silhouette.", "63": "FINDINGS:  Mild cardiomegaly is accompanied by pulmonary vascular congestion without overt pulmonary edema.", "64": "Interval development of bibasilar atelectasis and small right pleural effusion.", "65": "No visible pneumothorax.", "66": "Small left pleural effusion is similar to prior study.", "67": "There is increased crowding of vascular structures at the right and the left lung bases.", "68": "Beyond that, however, today's image also shows signs of mild fluid overload.", "69": "An increasing right upper and peripheral radiodensity is likely caused by the overlying scapula.", "70": "As a consequence, the pre-existing left pleural effusion appears more extensive than previously.", "71": "Vascular congestion is suspected.", "72": "Swan-Ganz catheter tip terminates at the right lower lobe pulmonary artery.", "73": "Left pleural effusion is large.", "74": "Pacemaker leads terminate in the right ventricle.", "75": "Ill-defined nodular opacities within the right upper lobe and both lung bases appear relatively unchanged, compatible with metastatic disease.", "76": "More focal opacity in the right lung base may reflect an area of infection.", "77": "A small right pleural effusion appears unchanged.", "78": "Persistent pulmonary metastases and right lower lobe opacity concerning for pneumonia.", "79": "Unchanged small right pleural effusion.", "80": "No pneumothorax is detected.", "81": "The aorta is tortuous with unchanged mediastinal and hilar contours.", "82": "Previously demonstrated pneumomediastinum on the CT from ___ appears almost completely resolved on the current radiograph.", "83": "Near complete interval resolution of previously seen pneumomediastinum.", "84": "Cardiac silhouette size remains borderline enlarged.", "85": "Lung volumes are low.", "86": "The heart is probably slightly enlarged even with lower lung volumes but this is overall unchanged from ___.", "87": "Low lung volumes and probable mild cardiomegaly, unchanged since ___.", "88": "There is associated bronchovascular crowding and mild basilar atelectasis.", "89": "No focal consolidation, edema, effusion, or pneumothorax.", "90": "The lungs are well expanded and clear.", "91": "There are no pleural effusions or pneumothorax.", "92": "IMPRESSION: No radiographic evidence of an acute cardiopulmonary process.", "93": "The hilar and mediastinal contours are normal.", "94": "The heart is normal in size."}