{"0": "No pleural effusion.", "1": "No edema, effusion, or pneumothorax.", "2": "WET READ: ___ ___ 12:55 AM  Increased retrocardiac opacity may reflect an early lower lobe pneumonia in  the appropriate clinical situation.", "3": "Increased retrocardiac opacity may reflect an early lower lobe pneumonia in the appropriate clinical situation.", "4": "Slight increased retrocardiac opacity on the lateral view could potentially reflect an early pneumonia.", "5": "The heart is normal in size.", "6": "Other scattered opacities seen within the right lung base and left midlung are unchanged, possibly residual infection.", "7": "Bilateral small pleural effusions are again noted.", "8": "Cardiomegaly and central pulmonary vascular congestion persist.", "9": "There is increased opacity in the left lung base laterally that is most likely atelectasis.", "10": "Lung volumes are low.", "11": "Heart size is mildly enlarged, accentuated due to the presence of low lung volumes.", "12": "Pulmonary vasculature is normal.", "13": "Lungs are clear.", "14": "No pleural effusion or pneumothorax is present.", "15": "No acute cardiopulmonary abnormality.", "16": "Mediastinal and hilar contours are unremarkable.", "17": "Moderate layering right pleural effusion is unchanged.", "18": "There is a background of persistent mild pulmonary edema slightly worsened.", "19": "1. Persistent layering right pleural effusion.", "20": "2. Mild cardiomegaly with slightly worsened mild pulmonary edema.", "21": "The heart is mildly enlarged.", "22": "Mild pulmonary edema has improved, left lower lobe consolidation or atelectasis has not.", "23": "Small-to-moderate left pleural effusion has increased.", "24": "Heart is mildly enlarged.", "25": "Bilateral left greater than right small pleural effusions persist, not significantly changed.", "26": "Superiorly, the lungs are clear without evidence of pulmonary vascular congestion.", "27": "IMPRESSION:  Persistent left greater than right pleural effusions when compared to previous exam from ___.", "28": "Associated left base opacity may represent adjacent atelectasis, although a component of infection is not completely excluded.", "29": "Associated left basilar opacity could represent adjacent atelectasis/scar, although infection is not completely excluded and clinical correlation suggested.", "30": "Cardiac silhouette is enlarged but stable.", "31": "The lungs are clear.", "32": "No pleural effusion or pneumothorax.", "33": "No evidence of pneumonia.", "34": "Cardiac, mediastinal, and hilar contours are normal.", "35": "Small pleural effusions are presumed.", "36": "No pneumothorax.", "37": "Mild pulmonary edema persists, but previous severe left lower lobe atelectasis has substantially improved since ___.", "38": "Moderate cardiomegaly is long-standing.", "39": "In addition to pacer leads coiled over the neck, there is pretty did materiel which I cannot identify.", "40": "FINDINGS:  There is a diffuse bilateral interstitial abnormality, which is nonspecific.", "41": "There is no significant fullness of the bilateral hila, suggesting it is unlikely to be related to pulmonary edema.", "42": "There is no focal airspace consolidation.", "43": "No large pleural effusion is seen.", "44": "IMPRESSION: 1.  Diffuse interstitial abnormality, which in the setting of fevers, could represent an atypical infection, such as a virus or PCP.", "45": "Mediastinal contours are normal.", "46": "The heart size is mildly enlarged.", "47": "2.  Mild cardiomegaly.", "48": "The toe the low lung volumes, which accentuate the bronchovascular markings.", "49": "There is no pleural effusion or pneumothorax.", "50": "No overt pulmonary edema is seen.", "51": "No acute cardiopulmonary process.", "52": "No focal consolidation is seen.", "53": "FRONTAL AND LATERAL CHEST RADIOGRAPHS:  Linear opacity within the lung bases likely reflect subsegmental atelectasis.", "54": "There is mild blunting of bilateral costophrenic angles, left greater than right, findings consistent with small effusions or pleural thickening.", "55": "IMPRESSION:  Minimal bibasilar atelectasis.", "56": "No edema or confluent consolidation.", "57": "Cardiomediastinal and hilar contours are within normal limits.", "58": "A prosthetic cardiac valve is noted.", "59": "There is perihilar and bilateral airspace interstitial process, this is slightly worsened since the prior study, which suggests that there is at least an element of superimposed pulmonary edema, although diffuse pneumonia or underlying interstitial lung disease cannot be excluded.", "60": "There are bilateral layering effusions which have increased on the right when compared to the prior study.", "61": "No pneumothorax.", "62": "The heart remains enlarged.", "63": "Mediastinal contours are difficult to assess due to patient rotation.", "64": "There are persistent bibasilar opacities, pleural effusions with atelectasis.", "65": "Vascular congestion is re- demonstrated, possibly slightly increased.", "66": "Enlargement of the cardiomediastinal silhouette is stable.", "67": "Mild pulmonary edema.", "68": "There is mild pulmonary edema.", "69": "No focal consolidation, large pleural effusion or pneumothorax is seen.", "70": "3. Mild pulmonary edema.", "71": "Focal opacity within the left upper lung field may  reflect an area of infection or aspiration.", "72": "Focal opacity in the left upper lung field may reflect an area of infection or aspiration.", "73": "4. Focal opacity within the left upper lung field may reflect an area of infection or aspiration.", "74": "Left-sided AICD device is noted with leads terminating in the region of the right atrium, right ventricle, and left ventricle.", "75": "Moderate enlargement of the cardiac silhouette is present.", "76": "WET READ: ___ ___ 7:49 AM  No acute intrathoracic abnormality.", "77": "The cardiomediastinal silhouette and pulmonary vasculature are normal.", "78": "The lungs are clear.", "79": "There is no pleural effusion or pneumothorax.", "80": "No acute intrathoracic abnormality.", "81": "The lungs are clear.", "82": "No pleural effusion or pneumothorax evident.", "83": "IMPRESSION: No acute cardiopulmonary process.", "84": "FINDINGS:  Chest PA and lateral radiograph demonstrates unremarkable mediastinal, hilar and cardiac contours.", "85": "Lungs are well expanded and clear.", "86": "There is no focal consolidation, pleural effusion or pneumothorax.", "87": "No acute cardiopulmonary process.", "88": "The cardiomediastinal and hilar contours are within normal limits.", "89": "The right lung is clear.", "90": "Pulmonary vascularity is normal.", "91": "There is no pneumothorax.", "92": "There is a left lung opacity obscuring the left hemidiaphragm which may reflect atelectasis, pleural effusion, pneumonia, or some combination thereof.", "93": "2. Left lower lobe opacity which may reflect atelectasis, pneumonia, small pleural effusion, or some combination thereof.", "94": "Mild cardiomegaly is unchanged.", "95": "In comparison to the prior radiograph, there is increased perihilar opacification with cephalization of the pulmonary vasculature consistent with mild pulmonary edema.", "96": "Vascular markings also accentuated by low lung volumes.", "97": "Small bilateral pleural effusions are given haziness of the diaphragms.", "98": "IMPRESSION: 1.  In comparison to the prior study, the lung volumes are low resulting in pulmonary vascular crowding.", "99": "However, there is increased perihilar interstitial prominence with less well defined vascular markings suggestive of pulmonary edema.", "100": "Likely small bilateral pleural effusions.", "101": "There is no pneumothorax.", "102": "Left-sided AICD is stable in position.", "103": "The cardiac silhouette is moderately to markedly enlarged, appears increased in size as compared to the prior study given differences in technique.", "104": "2.  Moderate to marked enlargement of the cardiac silhouette appears increased, given differences in technique.", "105": "Previously marked asymmetric pulmonary abnormality has improved on the right and worsened slightly on the left.", "106": "This could be pulmonary edema alone.", "107": "There is no good evidence for active pneumonia or appreciable pleural effusion.", "108": "Moderate-to-severe cardiomegaly is chronic.", "109": "Azygous distention reflects elevated right heart pressure."}