{"0": "The lung volumes have decreased.", "1": "Moderate cardiomegaly without pulmonary edema.", "2": "Mild atelectasis at the right lung bases.", "3": "No pleural effusions.", "4": "In the appropriate clinical setting, this opacity is likely reflecting pneumonia.", "5": "No pneumothorax.", "6": "On the left, a more extensive perihilar and basal parenchymal opacities visualized, showing air bronchograms and being ill-defined.", "7": "The lungs appear clear.", "8": "There are no pleural effusions or pneumothorax.", "9": "FINDINGS:  The cardiac, mediastinal and hilar contours appear within normal limits.", "10": "No pulmonary edema or focal opacification.", "11": "No pleural effusions or pneumothorax.", "12": "No pulmonary edema or focal opacification.", "13": "Cardiac silhouette is not enlarged.", "14": "Interstitial edema has improved.", "15": "Improved pulmonary edema and pulmonary vascularity.", "16": "Bibasilar opacities have improved.", "17": "Metallic density projected over upper abdomen.", "18": "Bibasilar opacities are improved.", "19": "Mild left pleural effusion is more prominent.", "20": "Left pleural effusion is more prominent.", "21": "Cardiac enlargement.", "22": "A triangular region of radiopacity in the right upper lung at the level of the third anterior interspace, may on the lateral view be localized to the anterior segment of the right upper lobe.", "23": "Smaller irregular nodules primarily in the upper lungs are unchanged.", "24": "There is no substantial central lymph node enlargement or any pleural abnormality and the heart is normal size.", "25": "Unfortunately, I cannot see lesion clearly enough to suggest a specific diagnosis, but could be infectious, either acute or more protracted.", "26": "Otherwise, the lungs appear clear.", "27": "There is no pleural effusion or pneumothorax.", "28": "No evidence of acute cardiopulmonary disease.", "29": "The mediastinal and hilar contours appear within normal limits.", "30": "Streaky opacity in the lingula is most consistent with minor atelectasis.", "31": "The heart is normal in size.", "32": "The cardiac silhouette is prominent, but likely accentuated by AP technique and low lung volumes.", "33": "There is a right-sided pleural effusion.", "34": "2. Generalized hazy appearance to lungs, which could represent mild interstitial edema or atypical infection.", "35": "There is no pneumothorax.", "36": "The mediastinal and hilar contours are within normal limits.", "37": "Dense retrocardiac opacity may represent dependent atelectasis.", "38": "Lungs are clear.", "39": "No pleural effusion or pneumothorax.", "40": "No pulmonary edema.", "41": "There is mild basilar atelectasis.", "42": "Mediastinal contours are otherwise unremarkable.", "43": "There is no focal consolidation, pleural effusion, or pneumothorax.", "44": "1.  No evidence of pulmonary edema.", "45": "Marked cardiomegaly and bilateral hilar enlargement are unchanged since ___.", "46": "Compared with the prior radiograph, the left chest wall pacer device leads projecting to the right atrium, left ventricle, and right ventricle are intact and unchanged in position.", "47": "2.  Marked cardiomegaly due to enlargement of the left atrium.", "48": "The lung volumes have increased, likely reflecting improved ventilation, with subsequent decrease in extent and severity of the pre-existing parenchymal opacities.", "49": "There is no evidence of complications such as pneumothorax.", "50": "The hemodialysis catheter and the Swan-Ganz catheter as well as the sternal wires are unchanged.", "51": "Normal heart, lungs, hila, mediastinum, and pleural surfaces.", "52": "No evidence of intrathoracic malignancy or infection.", "53": "Coarse interstitial markings are seen bilaterally, reflecting chronic underlying disease.", "54": "The central pulmonary vessels are congested and there is suggestion of mild superimposed edema or fluid overload.", "55": "There is no pneumothorax, large pleural effusion, or definite focal consolidation.", "56": "IMPRESSION:  Chronic interstitial lung disease, as seen on the prior chest radiograph from ___, with mild superimposed opacification suggesting pulmonary vascular congestion.", "57": "FRONTAL CHEST RADIOGRAPH:  The heart is top normal in size.", "58": "Lungs are severely hyperexpanded, more so today than on ___.", "59": "There is no consolidation, pleural effusion, or pneumothorax.", "60": "No radiographic evidence of pneumonia.", "61": "COPD.", "62": "Cardiomediastinal and hilar silhouettes are normal size.", "63": "The pulmonary vasculature is normal.", "64": "Lungs are clear.", "65": "No pleural effusion or pneumothorax is seen.", "66": "No acute cardiopulmonary abnormality.", "67": "The mediastinal and hilar contours are normal.", "68": "Heart size is normal.", "69": "The lungs are well expanded and clear.", "70": "The cardiomediastinal silhouette, hilar contours and pleural surfaces are normal.", "71": "No pleural effusion or pneumothorax is present.", "72": "No acute intrathoracic process.", "73": "There is no pleural effusion or pneumothorax.", "74": "The lungs are adequately expanded and clear without focal consolidation concerning for pneumonia.", "75": "The cardiomediastinal and hilar contours are normal.", "76": "FINDINGS:  In comparison with the study of ___, there has been substantial enlargement of the cardiac silhouette with relatively mild elevation of pulmonary venous pressure.", "77": "It is difficult to determine whether this represents a manifestation of vascular congestion or merely a reflection of the size of the patient and the AP portable technique.", "78": "Specifically, no evidence of pneumothorax.", "79": "This discordancy raises the possibility of cardiomyopathy, with pericardial effusion being less likely.", "80": "The ICD leads extend to the right atrium and apex of the right ventricle.", "81": "Lung volumes are low but improved since ___ a.m.  Moderate bilateral pleural effusions and pulmonary vascular congestion remain.", "82": "MODERATELY SEVERE BIBASILAR atelectasis is stable or increased.", "83": "No pneumothorax.", "84": "Heart size top-normal.", "85": "There is no pneumothorax.", "86": "No pneumothorax.", "87": "What was severe pulmonary edema continues to improve throughout the lungs except for persistent consolidation in the left lower lobe, usually attributed to atelectasis, particularly when the heart is so severely enlarged and left atrium so dilated.", "88": "Some left pleural effusion persists, probably not clinically significant.", "89": "There are bilateral diffuse opacities radiating from the hila with associated ___ B lines, consistent with mild interstitial pulmonary edema.", "90": "No pleural effusions are seen.", "91": "1.  Mild interstitial pulmonary edema.", "92": "Mild bibasilar atelectasis is noted.", "93": "There is no pneumothorax.", "94": "Heart size is normal.", "95": "Mediastinal contours are normal."}