{"0": "FINDINGS:  Lung volumes are slightly diminished with basilar atelectasis seen on the lateral view.", "1": "No pleural effusion, pulmonary edema, or pneumothorax is present.", "2": "IMPRESSION:  No radiographic evidence of acute intrathoracic process.", "3": "No focal opacity to suggest pneumonia is seen.", "4": "The heart size is normal.", "5": "Pulmonary vasculature is normal in caliber and there is no evidence for interstitial pulmonary edema.", "6": "Lungs are clear.", "7": "There is no pleural effusion or pneumothorax.", "8": "No acute cardiopulmonary abnormality.", "9": "Hilar contours are unremarkable.", "10": "Mild to moderate cardiomegaly is re- demonstrated.", "11": "Relatively low lung volumes are seen with secondary crowding of the bronchovascular markings.", "12": "Cardiac silhouette is enlarged but likely in part accentuated due to low lung volumes.", "13": "No acute cardiopulmonary process.", "14": "No focal consolidation identified.", "15": "Cardiomegaly.", "16": "There are diffuse increased interstitial markings, with vascular cephalization, Kerley B lines, bilateral hilar engorgement, in the setting of stable moderate-to-severe cardiomegaly.", "17": "Bilateral pleural effusions, right worse than left are also noted.", "18": "IMPRESSION:  Acute pulmonary edema in the setting of stable severe cardiomegaly.", "19": "There is no pneumothorax.", "20": "A unicameral pacemaker is in the left hemithorax with the leads overlying the expected location of the right ventricle.", "21": "CHEST, PA AND LATERAL:  Lungs are clear.", "22": "There are no pleural effusions, pneumothorax, or pneumomediastinum.", "23": "IMPRESSION:  No acute cardiopulmonary process.", "24": "Cardiomediastinal and hilar contours are normal.", "25": "FINDINGS: There is increase in the peripheral lung markings suggestive of pulmonary edema.", "26": "No pneumothorax, no pleural effusions and no free air under the diaphragm.", "27": "In the right clinical context, atypical pneumonia can also have this appearence.", "28": "Cardiac silhouette is mildly enlarged.", "29": "There is a confluent right infrahilar opacity in the right lower lung with Kerley B lines and blunting of the right cardiophrenic angle, quite asymmetric.", "30": "There is mild background perihilar fullness suggesting pulmonary venous hypertension or slight fluid overload, but not substantial.", "31": "Each costophrenic sulcus is blunted which may suggest pleural effusions.", "32": "IMPRESSION:  Extensive right infrahilar opacity worrisome for pneumonia.", "33": "Findings also suggestive of mild vascular congestion or fluid overload.", "34": "Patchy retrocardiac opacity is less specific but an additional focus of pneumonia could be considered versus atelectasis.", "35": "Patchy retrocardiac opacity, possibly atelectasis or pneumonia.", "36": "FINDINGS:  The patient is status post coronary artery bypass graft surgery.", "37": "The heart appears likely at the upper limits of normal size although not optimally assessed.", "38": "The mediastinal contours are unremarkable.", "39": "Superiorly, lungs are clear.", "40": "There is a left basilar hazy opacities, new when compared to prior.", "41": "WET READ: ___ ___ ___ 5:21 PM  Subtle hazy left basilar opacity, potentially atelectasis noting that  infection would be possible in the proper clinical setting.", "42": "Subtle hazy left basilar opacity, potentially atelectasis noting that infection would be possible in the proper clinical setting.", "43": "Cardiac silhouette is top-normal.", "44": "FRONTAL AND LATERAL VIEWS OF THE CHEST:  There is no pleural effusion, pneumothorax or focal airspace consolidation.", "45": "IMPRESSION: No acute cardiopulmonary process.", "46": "The mediastinal and hilar structures are unremarkable.", "47": "The heart size is normal.", "48": "Since ___, mild pulmonary edema is new, more pronounced on the right than left..  Right basilar opacity likely representing right subsegmental atelectasis is unchanged.", "49": "The lung volumes are normal.", "50": "No pneumonia  no pleural effusions.", "51": "Mild pulmonary edema is new as compfrom ___.", "52": "Unchanged right basilar atelectasis.", "53": "Normal hilar and mediastinal structures.", "54": "Normal size of the cardiac silhouette.", "55": "Pulmonary edema  has overall improved.", "56": "As compared to the previous image, the transparency of the right lung base has increased, likely reflecting improved ventilation.", "57": "WET READ: ___ ___ ___ 2:21 AM  chest tube stable in position.", "58": "Unchanged left upper lobe and lateral parenchymal opacities with air bronchograms.", "59": "The pacemaker leads are in constant position.", "60": "There are bilateral pleural effusions and a left retrocardiac opacity.", "61": "There is moderate pulmonary edema, stable.", "62": "There are no pneumothoraces.", "63": "The left-sided PICC line is unchanged in position within the distal tip in the mid right atrium.", "64": "Heart size is prominent but stable.", "65": "Pulmonary vasculature is normal.", "66": "Remainder the lungs are clear.", "67": "No focal consolidation, pleural effusion or pneumothorax is present.", "68": "Otherwise, no acute cardiopulmonary process.", "69": "Cardiac, mediastinal and hilar contours are normal.", "70": "Subsegmental atelectasis is noted in the left lower lobe.", "71": "Subsegmental left lower lobe atelectasis.", "72": "As compared to the previous radiograph, there is unchanged evidence of moderate cardiomegaly as well as of vascular and interstitial fluid overload, reflecting mild to moderate pulmonary edema.", "73": "The presence of small bilateral pleural effusions cannot be excluded.", "74": "Retrocardiac and right basilar atelectasis.", "75": "Lung volumes are normal.", "76": "Small pleural effusion.", "77": "No pleural effusion on the right.", "78": "No pneumothorax.", "79": "There is ipsilateral hilar prominence, likely representing reactive lymphadenopathy.", "80": "WET READ: ___ ___ ___ 11:33 AM  Left upper lobe pneumonia, with a small associated pleural effusion and  probably reactive hilar lymphadenopathy.", "81": "However, on the lateral view, this consolidation appears to be localized to the left upper lobe.", "82": "Left upper lobe pneumonia, with a small associated pleural effusion and probably reactive hilar lymphadenopathy.", "83": "There is patchy consolidation on the left, suspicious for pneumonia.", "84": "Heart is normal in size.", "85": "Status post CABG, moderate cardiomegaly without pulmonary edema.", "86": "No larger pleural effusions.", "87": "No pneumonia.", "88": "FINDINGS: Two supine portable views of the chest demonstrate low lung volumes, which accentuate bronchovascular markings.", "89": "There is mild perihilar vascular congestion.", "90": "No pneumothorax is seen.", "91": "Hilar and mediastinal silhouettes are unremarkable.", "92": "Heart size is normal.", "93": "PA and lateral views of the chest demonstrate increased lung volumes, and diffuse bilateral focal lucencies, indicating moderate emphysema better seen on CT exam of ___ exam.", "94": "Right lower lobe mass with a fiducial marker has decreased in size since ___.", "95": "There is no pleural effusion or pneumothorax.", "96": "There is no pulmonary edema.", "97": "2.  Right lower lobe mass appears decreased in size since ___ exam.", "98": "No focal consolidation is present.", "99": "1.  No evidence of pneumonia.", "100": "In the setting of high clinical suspicion for pneumonia, may consider oblique views for further assessment.", "101": "2.  Moderate emphysema.", "102": "Hilar and mediastinal silhouettes are unremarkable.", "103": "Heart size is normal.", "104": "FINDINGS:  There is a small left pleural effusion and bibasilar atelectasis.", "105": "Mild interstitial pulmonary edema is seen throughout the lung fields with visible Kerley B lines.", "106": "Pleural surfaces are unremarkable.", "107": "IMPRESSION:  Mild interstitial pulmonary edema with bibasilar atelectasis and pleural effusions.", "108": "No evidence of pneumonia or pneumothorax.", "109": "Heart is upper normal in size.", "110": "Otherwise lungs are clear.", "111": "There is no pleural effusion.", "112": "No pneumothoraces.", "113": "Hilar and mediastinal contours are unremarkable.", "114": "PA AND LATERAL CHEST FILMS:  There is a retrocardiac opacity in the left lower lobe concerning for pneumonia.", "115": "IMPRESSION:  Left lower lobe pneumonia.", "116": "Cardiomediastinal silhouette is unremarkable."}