{"0": [{"x": 5, "y": 47, "width": 207, "height": 318, "label": "right lung"}, {"x": 111, "y": 175, "width": 93, "height": 90, "label": "right hilar structures"}, {"x": 231, "y": 52, "width": 224, "height": 343, "label": "left lung"}, {"x": 231, "y": 173, "width": 101, "height": 105, "label": "left hilar structures"}], "1": [{"x": 5, "y": 47, "width": 207, "height": 318, "label": "right lung"}, {"x": 231, "y": 52, "width": 224, "height": 343, "label": "left lung"}], "2": [{"x": 5, "y": 47, "width": 207, "height": 318, "label": "right lung"}, {"x": 111, "y": 175, "width": 93, "height": 90, "label": "right hilar structures"}, {"x": 231, "y": 52, "width": 224, "height": 343, "label": "left lung"}, {"x": 231, "y": 173, "width": 101, "height": 105, "label": "left hilar structures"}], "3": [{"x": 5, "y": 47, "width": 207, "height": 318, "label": "right lung"}, {"x": 231, "y": 52, "width": 224, "height": 343, "label": "left lung"}], "4": [{"x": 5, "y": 47, "width": 207, "height": 318, "label": "right lung"}, {"x": 231, "y": 52, "width": 224, "height": 343, "label": "left lung"}], "5": [{"x": 5, "y": 47, "width": 207, "height": 318, "label": "right lung"}, {"x": 231, "y": 52, "width": 224, "height": 343, "label": "left lung"}], "6": [{"x": 146, "y": 230, "width": 205, "height": 133, "label": "cardiac silhouette"}], "7": [{"x": 96, "y": 148, "width": 175, "height": 263, "label": "right lung"}, {"x": 260, "y": 130, "width": 214, "height": 290, "label": "left lung"}], "8": [{"x": 96, "y": 148, "width": 175, "height": 263, "label": "right lung"}, {"x": 260, "y": 130, "width": 214, "height": 290, "label": "left lung"}], "9": [{"x": 96, "y": 148, "width": 175, "height": 263, "label": "right lung"}, {"x": 260, "y": 130, "width": 214, "height": 290, "label": "left lung"}], "10": [{"x": 96, "y": 148, "width": 175, "height": 263, "label": "right lung"}, {"x": 260, "y": 130, "width": 214, "height": 290, "label": "left lung"}], "11": [{"x": 96, "y": 148, "width": 175, "height": 263, "label": "right lung"}, {"x": 170, "y": 230, "width": 85, "height": 85, "label": "right hilar structures"}, {"x": 260, "y": 130, "width": 214, "height": 290, "label": "left lung"}, {"x": 266, "y": 230, "width": 96, "height": 90, "label": "left hilar structures"}], "12": [{"x": 208, "y": 290, "width": 192, "height": 121, "label": "cardiac silhouette"}], "13": [{"x": 75, "y": 116, "width": 180, "height": 393, "label": "right lung"}, {"x": 287, "y": 118, "width": 197, "height": 386, "label": "left lung"}], "14": [{"x": 75, "y": 116, "width": 180, "height": 393, "label": "right lung"}, {"x": 287, "y": 118, "width": 197, "height": 386, "label": "left lung"}], "15": [{"x": 75, "y": 116, "width": 180, "height": 393, "label": "right lung"}, {"x": 171, "y": 237, "width": 82, "height": 135, "label": "right hilar structures"}, {"x": 287, "y": 118, "width": 197, "height": 386, "label": "left lung"}, {"x": 287, "y": 239, "width": 85, "height": 124, "label": "left hilar structures"}], "16": [{"x": 75, "y": 116, "width": 180, "height": 393, "label": "right lung"}, {"x": 287, "y": 118, "width": 197, "height": 386, "label": "left lung"}], "17": [{"x": 75, "y": 116, "width": 180, "height": 393, "label": "right lung"}, {"x": 287, "y": 118, "width": 197, "height": 386, "label": "left lung"}, {"x": 235, "y": 306, "width": 153, "height": 155, "label": "cardiac silhouette"}], "18": [{"x": 171, "y": 237, "width": 82, "height": 135, "label": "right hilar structures"}, {"x": 287, "y": 239, "width": 85, "height": 124, "label": "left hilar structures"}, {"x": 235, "y": 306, "width": 153, "height": 155, "label": "cardiac silhouette"}], "19": [{"x": 57, "y": 86, "width": 209, "height": 316, "label": "right lung"}, {"x": 296, "y": 86, "width": 200, "height": 320, "label": "left lung"}], "20": [{"x": 57, "y": 86, "width": 209, "height": 316, "label": "right lung"}, {"x": 296, "y": 86, "width": 200, "height": 320, "label": "left lung"}], "21": [{"x": 57, "y": 86, "width": 209, "height": 316, "label": "right lung"}, {"x": 296, "y": 86, "width": 200, "height": 320, "label": "left lung"}], "22": [{"x": 167, "y": 212, "width": 93, "height": 89, "label": "right hilar structures"}, {"x": 299, "y": 212, "width": 93, "height": 91, "label": "left hilar structures"}, {"x": 225, "y": 262, "width": 219, "height": 140, "label": "cardiac silhouette"}], "23": [{"x": 225, "y": 262, "width": 219, "height": 140, "label": "cardiac silhouette"}], "24": [{"x": 43, "y": 59, "width": 198, "height": 384, "label": "right lung"}, {"x": 150, "y": 153, "width": 91, "height": 137, "label": "right hilar structures"}, {"x": 307, "y": 59, "width": 198, "height": 384, "label": "left lung"}, {"x": 307, "y": 153, "width": 91, "height": 137, "label": "left hilar structures"}], "25": [{"x": 43, "y": 59, "width": 198, "height": 384, "label": "right lung"}, {"x": 307, "y": 59, "width": 198, "height": 384, "label": "left lung"}], "26": [{"x": 43, "y": 59, "width": 198, "height": 384, "label": "right lung"}, {"x": 307, "y": 59, "width": 198, "height": 384, "label": "left lung"}], "27": [{"x": 205, "y": 235, "width": 215, "height": 169, "label": "cardiac silhouette"}], "28": [{"x": 82, "y": 64, "width": 181, "height": 367, "label": "right lung"}, {"x": 282, "y": 84, "width": 162, "height": 325, "label": "left lung"}], "29": [{"x": 82, "y": 64, "width": 181, "height": 367, "label": "right lung"}, {"x": 167, "y": 189, "width": 85, "height": 117, "label": "right hilar structures"}, {"x": 282, "y": 84, "width": 162, "height": 325, "label": "left lung"}, {"x": 285, "y": 192, "width": 80, "height": 102, "label": "left hilar structures"}], "30": [{"x": 82, "y": 64, "width": 181, "height": 367, "label": "right lung"}, {"x": 282, "y": 84, "width": 162, "height": 325, "label": "left lung"}], "31": [{"x": 82, "y": 64, "width": 181, "height": 367, "label": "right lung"}, {"x": 282, "y": 84, "width": 162, "height": 325, "label": "left lung"}], "32": [{"x": 82, "y": 64, "width": 181, "height": 367, "label": "right lung"}, {"x": 282, "y": 84, "width": 162, "height": 325, "label": "left lung"}, {"x": 216, "y": 249, "width": 187, "height": 146, "label": "cardiac silhouette"}], "33": [{"x": 167, "y": 189, "width": 85, "height": 117, "label": "right hilar structures"}, {"x": 285, "y": 192, "width": 80, "height": 102, "label": "left hilar structures"}], "34": [{"x": 216, "y": 249, "width": 187, "height": 146, "label": "cardiac silhouette"}], "35": [{"x": 21, "y": 91, "width": 220, "height": 320, "label": "right lung"}, {"x": 126, "y": 224, "width": 99, "height": 86, "label": "right hilar structures"}, {"x": 260, "y": 86, "width": 225, "height": 325, "label": "left lung"}, {"x": 263, "y": 224, "width": 96, "height": 86, "label": "left hilar structures"}], "36": [{"x": 21, "y": 91, "width": 220, "height": 320, "label": "right lung"}, {"x": 260, "y": 86, "width": 225, "height": 325, "label": "left lung"}], "37": [{"x": 21, "y": 91, "width": 220, "height": 320, "label": "right lung"}, {"x": 260, "y": 86, "width": 225, "height": 325, "label": "left lung"}], "38": [{"x": 21, "y": 91, "width": 220, "height": 320, "label": "right lung"}, {"x": 260, "y": 86, "width": 225, "height": 325, "label": "left lung"}], "39": [{"x": 21, "y": 91, "width": 220, "height": 320, "label": "right lung"}, {"x": 260, "y": 86, "width": 225, "height": 325, "label": "left lung"}], "40": [{"x": 21, "y": 91, "width": 220, "height": 320, "label": "right lung"}, {"x": 260, "y": 86, "width": 225, "height": 325, "label": "left lung"}], "41": [{"x": 21, "y": 91, "width": 220, "height": 320, "label": "right lung"}, {"x": 260, "y": 86, "width": 225, "height": 325, "label": "left lung"}], "42": [{"x": 178, "y": 276, "width": 228, "height": 135, "label": "cardiac silhouette"}], "43": [{"x": 62, "y": 75, "width": 182, "height": 313, "label": "right lung"}, {"x": 260, "y": 68, "width": 190, "height": 354, "label": "left lung"}, {"x": 189, "y": 244, "width": 170, "height": 140, "label": "cardiac silhouette"}], "44": [{"x": 62, "y": 75, "width": 182, "height": 313, "label": "right lung"}, {"x": 260, "y": 68, "width": 190, "height": 354, "label": "left lung"}], "45": [{"x": 62, "y": 75, "width": 182, "height": 313, "label": "right lung"}, {"x": 159, "y": 187, "width": 85, "height": 96, "label": "right hilar structures"}, {"x": 260, "y": 68, "width": 190, "height": 354, "label": "left lung"}, {"x": 266, "y": 185, "width": 82, "height": 112, "label": "left hilar structures"}], "46": [{"x": 62, "y": 75, "width": 182, "height": 313, "label": "right lung"}, {"x": 260, "y": 68, "width": 190, "height": 354, "label": "left lung"}, {"x": 189, "y": 244, "width": 170, "height": 140, "label": "cardiac silhouette"}], "47": [{"x": 189, "y": 244, "width": 170, "height": 140, "label": "cardiac silhouette"}], "48": [{"x": 63, "y": 35, "width": 189, "height": 259, "label": "right lung"}, {"x": 172, "y": 118, "width": 64, "height": 64, "label": "right hilar structures"}, {"x": 274, "y": 36, "width": 148, "height": 256, "label": "left lung"}, {"x": 274, "y": 114, "width": 74, "height": 84, "label": "left hilar structures"}], "49": [{"x": 63, "y": 35, "width": 189, "height": 259, "label": "right lung"}, {"x": 274, "y": 36, "width": 148, "height": 256, "label": "left lung"}], "50": [{"x": 63, "y": 35, "width": 189, "height": 259, "label": "right lung"}, {"x": 274, "y": 36, "width": 148, "height": 256, "label": "left lung"}], "51": [{"x": 63, "y": 35, "width": 189, "height": 259, "label": "right lung"}, {"x": 274, "y": 36, "width": 148, "height": 256, "label": "left lung"}], "52": [{"x": 63, "y": 35, "width": 189, "height": 259, "label": "right lung"}, {"x": 172, "y": 118, "width": 64, "height": 64, "label": "right hilar structures"}, {"x": 274, "y": 36, "width": 148, "height": 256, "label": "left lung"}, {"x": 274, "y": 114, "width": 74, "height": 84, "label": "left hilar structures"}, {"x": 189, "y": 169, "width": 305, "height": 114, "label": "cardiac silhouette"}], "53": [{"x": 63, "y": 35, "width": 189, "height": 259, "label": "right lung"}, {"x": 274, "y": 36, "width": 148, "height": 256, "label": "left lung"}], "54": [{"x": 65, "y": 59, "width": 181, "height": 318, "label": "right lung"}], "55": [{"x": 65, "y": 59, "width": 181, "height": 318, "label": "right lung"}, {"x": 159, "y": 148, "width": 82, "height": 108, "label": "right hilar structures"}, {"x": 277, "y": 57, "width": 181, "height": 320, "label": "left lung"}, {"x": 277, "y": 148, "width": 82, "height": 108, "label": "left hilar structures"}], "56": [{"x": 65, "y": 59, "width": 181, "height": 318, "label": "right lung"}], "57": [{"x": 65, "y": 59, "width": 181, "height": 318, "label": "right lung"}, {"x": 277, "y": 57, "width": 181, "height": 320, "label": "left lung"}], "58": [{"x": 192, "y": 212, "width": 195, "height": 121, "label": "cardiac silhouette"}], "59": [{"x": 89, "y": 36, "width": 169, "height": 336, "label": "right lung"}, {"x": 285, "y": 20, "width": 149, "height": 338, "label": "left lung"}], "60": [{"x": 89, "y": 36, "width": 169, "height": 336, "label": "right lung"}, {"x": 180, "y": 162, "width": 76, "height": 98, "label": "right hilar structures"}, {"x": 285, "y": 20, "width": 149, "height": 338, "label": "left lung"}, {"x": 290, "y": 165, "width": 73, "height": 90, "label": "left hilar structures"}], "61": [{"x": 89, "y": 36, "width": 169, "height": 336, "label": "right lung"}, {"x": 285, "y": 20, "width": 149, "height": 338, "label": "left lung"}], "62": [{"x": 210, "y": 219, "width": 194, "height": 142, "label": "cardiac silhouette"}], "63": [{"x": 43, "y": 111, "width": 179, "height": 330, "label": "right lung"}, {"x": 258, "y": 118, "width": 186, "height": 341, "label": "left lung"}], "64": [{"x": 43, "y": 111, "width": 179, "height": 330, "label": "right lung"}, {"x": 258, "y": 118, "width": 186, "height": 341, "label": "left lung"}], "65": [{"x": 43, "y": 111, "width": 179, "height": 330, "label": "right lung"}, {"x": 137, "y": 207, "width": 82, "height": 108, "label": "right hilar structures"}, {"x": 258, "y": 118, "width": 186, "height": 341, "label": "left lung"}, {"x": 260, "y": 205, "width": 88, "height": 119, "label": "left hilar structures"}], "66": [{"x": 43, "y": 111, "width": 179, "height": 330, "label": "right lung"}, {"x": 258, "y": 118, "width": 186, "height": 341, "label": "left lung"}, {"x": 178, "y": 276, "width": 228, "height": 135, "label": "cardiac silhouette"}], "67": [{"x": 178, "y": 276, "width": 228, "height": 135, "label": "cardiac silhouette"}], "68": [{"x": 65, "y": 210, "width": 198, "height": 260, "label": "right lung"}, {"x": 299, "y": 210, "width": 203, "height": 276, "label": "left lung"}], "69": [{"x": 65, "y": 210, "width": 198, "height": 260, "label": "right lung"}, {"x": 172, "y": 303, "width": 88, "height": 76, "label": "right hilar structures"}, {"x": 299, "y": 210, "width": 203, "height": 276, "label": "left lung"}, {"x": 301, "y": 301, "width": 88, "height": 92, "label": "left hilar structures"}], "70": [{"x": 65, "y": 210, "width": 198, "height": 260, "label": "right lung"}, {"x": 299, "y": 210, "width": 203, "height": 276, "label": "left lung"}], "71": [{"x": 299, "y": 210, "width": 203, "height": 276, "label": "left lung"}], "72": [{"x": 189, "y": 338, "width": 192, "height": 110, "label": "cardiac silhouette"}], "73": [{"x": 189, "y": 338, "width": 192, "height": 110, "label": "cardiac silhouette"}], "74": [{"x": 62, "y": 100, "width": 201, "height": 254, "label": "right lung"}], "75": [{"x": 62, "y": 100, "width": 201, "height": 254, "label": "right lung"}, {"x": 164, "y": 224, "width": 91, "height": 59, "label": "right hilar structures"}, {"x": 291, "y": 105, "width": 203, "height": 306, "label": "left lung"}, {"x": 291, "y": 219, "width": 96, "height": 89, "label": "left hilar structures"}], "76": [{"x": 62, "y": 100, "width": 201, "height": 254, "label": "right lung"}, {"x": 291, "y": 105, "width": 203, "height": 306, "label": "left lung"}], "77": [{"x": 194, "y": 267, "width": 201, "height": 121, "label": "cardiac silhouette"}], "78": [{"x": 194, "y": 267, "width": 201, "height": 121, "label": "cardiac silhouette"}], "79": [{"x": 93, "y": 82, "width": 128, "height": 406, "label": "right lung"}, {"x": 157, "y": 150, "width": 64, "height": 160, "label": "right hilar structures"}, {"x": 239, "y": 65, "width": 172, "height": 371, "label": "left lung"}, {"x": 242, "y": 156, "width": 78, "height": 129, "label": "left hilar structures"}], "80": [{"x": 93, "y": 82, "width": 128, "height": 406, "label": "right lung"}], "81": [{"x": 93, "y": 82, "width": 128, "height": 406, "label": "right lung"}, {"x": 239, "y": 65, "width": 172, "height": 371, "label": "left lung"}], "82": [{"x": 93, "y": 82, "width": 128, "height": 406, "label": "right lung"}, {"x": 239, "y": 65, "width": 172, "height": 371, "label": "left lung"}], "83": [{"x": 175, "y": 252, "width": 211, "height": 159, "label": "cardiac silhouette"}], "84": [{"x": 175, "y": 252, "width": 211, "height": 159, "label": "cardiac silhouette"}], "85": [{"x": 70, "y": 0, "width": 192, "height": 337, "label": "right lung"}, {"x": 169, "y": 134, "width": 89, "height": 96, "label": "right hilar structures"}, {"x": 290, "y": 0, "width": 160, "height": 269, "label": "left lung"}, {"x": 290, "y": 137, "width": 80, "height": 63, "label": "left hilar structures"}, {"x": 175, "y": 197, "width": 282, "height": 151, "label": "cardiac silhouette"}], "86": [{"x": 70, "y": 0, "width": 192, "height": 337, "label": "right lung"}, {"x": 290, "y": 0, "width": 160, "height": 269, "label": "left lung"}], "87": [{"x": 70, "y": 0, "width": 192, "height": 337, "label": "right lung"}], "88": [{"x": 70, "y": 0, "width": 192, "height": 337, "label": "right lung"}], "89": [{"x": 70, "y": 0, "width": 192, "height": 337, "label": "right lung"}, {"x": 169, "y": 134, "width": 89, "height": 96, "label": "right hilar structures"}, {"x": 290, "y": 0, "width": 160, "height": 269, "label": "left lung"}, {"x": 290, "y": 137, "width": 80, "height": 63, "label": "left hilar structures"}], "90": [{"x": 67, "y": 61, "width": 191, "height": 302, "label": "right lung"}, {"x": 293, "y": 66, "width": 165, "height": 294, "label": "left lung"}], "91": [{"x": 67, "y": 61, "width": 191, "height": 302, "label": "right lung"}, {"x": 293, "y": 66, "width": 165, "height": 294, "label": "left lung"}], "92": [{"x": 67, "y": 61, "width": 191, "height": 302, "label": "right lung"}, {"x": 164, "y": 148, "width": 91, "height": 101, "label": "right hilar structures"}, {"x": 293, "y": 66, "width": 165, "height": 294, "label": "left lung"}, {"x": 293, "y": 148, "width": 80, "height": 101, "label": "left hilar structures"}], "93": [{"x": 67, "y": 61, "width": 191, "height": 302, "label": "right lung"}, {"x": 293, "y": 66, "width": 165, "height": 294, "label": "left lung"}, {"x": 205, "y": 221, "width": 191, "height": 128, "label": "cardiac silhouette"}], "94": [{"x": 130, "y": 57, "width": 123, "height": 319, "label": "right lung"}, {"x": 194, "y": 197, "width": 57, "height": 85, "label": "right hilar structures"}, {"x": 283, "y": 57, "width": 126, "height": 288, "label": "left lung"}, {"x": 285, "y": 200, "width": 62, "height": 69, "label": "left hilar structures"}, {"x": 207, "y": 244, "width": 154, "height": 137, "label": "cardiac silhouette"}], "95": [{"x": 130, "y": 57, "width": 123, "height": 319, "label": "right lung"}, {"x": 194, "y": 197, "width": 57, "height": 85, "label": "right hilar structures"}, {"x": 283, "y": 57, "width": 126, "height": 288, "label": "left lung"}, {"x": 285, "y": 200, "width": 62, "height": 69, "label": "left hilar structures"}], "96": [{"x": 130, "y": 57, "width": 123, "height": 319, "label": "right lung"}], "97": [{"x": 30, "y": 36, "width": 189, "height": 306, "label": "right lung"}, {"x": 131, "y": 148, "width": 83, "height": 91, "label": "right hilar structures"}, {"x": 252, "y": 47, "width": 184, "height": 318, "label": "left lung"}, {"x": 252, "y": 146, "width": 82, "height": 103, "label": "left hilar structures"}], "98": [{"x": 30, "y": 36, "width": 189, "height": 306, "label": "right lung"}, {"x": 131, "y": 148, "width": 83, "height": 91, "label": "right hilar structures"}, {"x": 252, "y": 47, "width": 184, "height": 318, "label": "left lung"}, {"x": 252, "y": 146, "width": 82, "height": 103, "label": "left hilar structures"}], "99": [{"x": 30, "y": 36, "width": 189, "height": 306, "label": "right lung"}, {"x": 131, "y": 148, "width": 83, "height": 91, "label": "right hilar structures"}, {"x": 252, "y": 47, "width": 184, "height": 318, "label": "left lung"}, {"x": 252, "y": 146, "width": 82, "height": 103, "label": "left hilar structures"}], "100": [{"x": 30, "y": 36, "width": 189, "height": 306, "label": "right lung"}, {"x": 252, "y": 47, "width": 184, "height": 318, "label": "left lung"}], "101": [{"x": 30, "y": 36, "width": 189, "height": 306, "label": "right lung"}, {"x": 252, "y": 47, "width": 184, "height": 318, "label": "left lung"}], "102": [{"x": 30, "y": 36, "width": 189, "height": 306, "label": "right lung"}, {"x": 252, "y": 47, "width": 184, "height": 318, "label": "left lung"}], "103": [{"x": 172, "y": 212, "width": 220, "height": 135, "label": "cardiac silhouette"}], "104": [{"x": 38, "y": 38, "width": 198, "height": 297, "label": "right lung"}, {"x": 255, "y": 22, "width": 255, "height": 275, "label": "left lung"}], "105": [{"x": 38, "y": 38, "width": 198, "height": 297, "label": "right lung"}, {"x": 150, "y": 102, "width": 80, "height": 108, "label": "right hilar structures"}, {"x": 255, "y": 22, "width": 255, "height": 275, "label": "left lung"}, {"x": 260, "y": 105, "width": 105, "height": 89, "label": "left hilar structures"}], "106": [{"x": 38, "y": 38, "width": 198, "height": 297, "label": "right lung"}, {"x": 150, "y": 102, "width": 80, "height": 108, "label": "right hilar structures"}, {"x": 255, "y": 22, "width": 255, "height": 275, "label": "left lung"}, {"x": 260, "y": 105, "width": 105, "height": 89, "label": "left hilar structures"}, {"x": 189, "y": 173, "width": 236, "height": 128, "label": "cardiac silhouette"}], "107": [{"x": 38, "y": 38, "width": 198, "height": 297, "label": "right lung"}, {"x": 255, "y": 22, "width": 255, "height": 275, "label": "left lung"}]}