{"0": [{"x": 68, "y": 61, "width": 184, "height": 242, "label": "right lung"}, {"x": 175, "y": 169, "width": 77, "height": 64, "label": "right hilar structures"}, {"x": 263, "y": 93, "width": 159, "height": 252, "label": "left lung"}, {"x": 263, "y": 198, "width": 80, "height": 69, "label": "left hilar structures"}], "1": [{"x": 68, "y": 61, "width": 184, "height": 242, "label": "right lung"}, {"x": 263, "y": 93, "width": 159, "height": 252, "label": "left lung"}], "2": [{"x": 68, "y": 61, "width": 184, "height": 242, "label": "right lung"}, {"x": 263, "y": 93, "width": 159, "height": 252, "label": "left lung"}], "3": [{"x": 68, "y": 61, "width": 184, "height": 242, "label": "right lung"}, {"x": 175, "y": 169, "width": 77, "height": 64, "label": "right hilar structures"}, {"x": 263, "y": 93, "width": 159, "height": 252, "label": "left lung"}, {"x": 263, "y": 198, "width": 80, "height": 69, "label": "left hilar structures"}], "4": [{"x": 244, "y": 228, "width": 101, "height": 110, "label": "cardiac silhouette"}], "5": [{"x": 54, "y": 111, "width": 179, "height": 327, "label": "right lung"}, {"x": 145, "y": 219, "width": 85, "height": 103, "label": "right hilar structures"}, {"x": 255, "y": 114, "width": 219, "height": 317, "label": "left lung"}, {"x": 258, "y": 219, "width": 93, "height": 101, "label": "left hilar structures"}, {"x": 194, "y": 271, "width": 220, "height": 151, "label": "cardiac silhouette"}], "6": [{"x": 54, "y": 111, "width": 179, "height": 327, "label": "right lung"}, {"x": 255, "y": 114, "width": 219, "height": 317, "label": "left lung"}], "7": [{"x": 35, "y": 29, "width": 247, "height": 277, "label": "right lung"}, {"x": 175, "y": 143, "width": 102, "height": 76, "label": "right hilar structures"}, {"x": 211, "y": 79, "width": 247, "height": 346, "label": "left lung"}, {"x": 211, "y": 134, "width": 104, "height": 137, "label": "left hilar structures"}], "8": [{"x": 35, "y": 29, "width": 247, "height": 277, "label": "right lung"}], "9": [{"x": 211, "y": 79, "width": 247, "height": 346, "label": "left lung"}], "10": [{"x": 131, "y": 214, "width": 316, "height": 197, "label": "cardiac silhouette"}], "11": [{"x": 54, "y": 84, "width": 187, "height": 272, "label": "right lung"}, {"x": 159, "y": 187, "width": 79, "height": 80, "label": "right hilar structures"}, {"x": 274, "y": 84, "width": 184, "height": 283, "label": "left lung"}, {"x": 274, "y": 185, "width": 82, "height": 86, "label": "left hilar structures"}], "12": [{"x": 54, "y": 84, "width": 187, "height": 272, "label": "right lung"}, {"x": 274, "y": 84, "width": 184, "height": 283, "label": "left lung"}, {"x": 178, "y": 233, "width": 211, "height": 114, "label": "cardiac silhouette"}], "13": [{"x": 54, "y": 84, "width": 187, "height": 272, "label": "right lung"}, {"x": 274, "y": 84, "width": 184, "height": 283, "label": "left lung"}], "14": [{"x": 54, "y": 84, "width": 187, "height": 272, "label": "right lung"}], "15": [{"x": 178, "y": 233, "width": 211, "height": 114, "label": "cardiac silhouette"}], "16": [{"x": 93, "y": 96, "width": 151, "height": 310, "label": "right lung"}, {"x": 274, "y": 96, "width": 165, "height": 324, "label": "left lung"}], "17": [{"x": 93, "y": 96, "width": 151, "height": 310, "label": "right lung"}, {"x": 167, "y": 198, "width": 77, "height": 101, "label": "right hilar structures"}, {"x": 274, "y": 96, "width": 165, "height": 324, "label": "left lung"}, {"x": 277, "y": 198, "width": 82, "height": 105, "label": "left hilar structures"}, {"x": 214, "y": 260, "width": 178, "height": 117, "label": "cardiac silhouette"}], "18": [{"x": 93, "y": 96, "width": 151, "height": 310, "label": "right lung"}, {"x": 274, "y": 96, "width": 165, "height": 324, "label": "left lung"}], "19": [{"x": 93, "y": 96, "width": 151, "height": 310, "label": "right lung"}, {"x": 274, "y": 96, "width": 165, "height": 324, "label": "left lung"}], "20": [{"x": 93, "y": 96, "width": 151, "height": 310, "label": "right lung"}, {"x": 274, "y": 96, "width": 165, "height": 324, "label": "left lung"}], "21": [{"x": 60, "y": 64, "width": 195, "height": 303, "label": "right lung"}, {"x": 296, "y": 59, "width": 206, "height": 357, "label": "left lung"}], "22": [{"x": 60, "y": 64, "width": 195, "height": 303, "label": "right lung"}, {"x": 296, "y": 59, "width": 206, "height": 357, "label": "left lung"}], "23": [{"x": 164, "y": 182, "width": 88, "height": 87, "label": "right hilar structures"}, {"x": 299, "y": 180, "width": 90, "height": 112, "label": "left hilar structures"}, {"x": 222, "y": 233, "width": 208, "height": 137, "label": "cardiac silhouette"}], "24": [{"x": 222, "y": 233, "width": 208, "height": 137, "label": "cardiac silhouette"}], "25": [{"x": 107, "y": 19, "width": 217, "height": 379, "label": "right lung"}, {"x": 219, "y": 156, "width": 105, "height": 115, "label": "right hilar structures"}, {"x": 253, "y": 2, "width": 174, "height": 352, "label": "left lung"}, {"x": 253, "y": 159, "width": 78, "height": 90, "label": "left hilar structures"}], "26": [{"x": 107, "y": 19, "width": 217, "height": 379, "label": "right lung"}, {"x": 253, "y": 2, "width": 174, "height": 352, "label": "left lung"}], "27": [{"x": 253, "y": 2, "width": 174, "height": 352, "label": "left lung"}], "28": [{"x": 253, "y": 2, "width": 174, "height": 352, "label": "left lung"}], "29": [{"x": 253, "y": 2, "width": 174, "height": 352, "label": "left lung"}], "30": [{"x": 253, "y": 2, "width": 174, "height": 352, "label": "left lung"}], "31": [{"x": 253, "y": 2, "width": 174, "height": 352, "label": "left lung"}], "32": [{"x": 201, "y": 200, "width": 173, "height": 159, "label": "cardiac silhouette"}], "33": [{"x": 125, "y": 68, "width": 146, "height": 308, "label": "right lung"}, {"x": 276, "y": 46, "width": 183, "height": 310, "label": "left lung"}], "34": [{"x": 125, "y": 68, "width": 146, "height": 308, "label": "right lung"}, {"x": 189, "y": 170, "width": 71, "height": 96, "label": "right hilar structures"}, {"x": 276, "y": 46, "width": 183, "height": 310, "label": "left lung"}, {"x": 276, "y": 170, "width": 78, "height": 88, "label": "left hilar structures"}], "35": [{"x": 125, "y": 68, "width": 146, "height": 308, "label": "right lung"}, {"x": 276, "y": 46, "width": 183, "height": 310, "label": "left lung"}], "36": [{"x": 125, "y": 68, "width": 146, "height": 308, "label": "right lung"}, {"x": 276, "y": 46, "width": 183, "height": 310, "label": "left lung"}], "37": [{"x": 189, "y": 170, "width": 71, "height": 96, "label": "right hilar structures"}, {"x": 276, "y": 170, "width": 78, "height": 88, "label": "left hilar structures"}], "38": [{"x": 276, "y": 46, "width": 183, "height": 310, "label": "left lung"}], "39": [{"x": 221, "y": 222, "width": 149, "height": 132, "label": "cardiac silhouette"}], "40": [{"x": 89, "y": 57, "width": 144, "height": 330, "label": "right lung"}, {"x": 249, "y": 32, "width": 192, "height": 305, "label": "left lung"}, {"x": 192, "y": 211, "width": 207, "height": 132, "label": "cardiac silhouette"}], "41": [{"x": 89, "y": 57, "width": 144, "height": 330, "label": "right lung"}, {"x": 157, "y": 145, "width": 69, "height": 115, "label": "right hilar structures"}, {"x": 249, "y": 32, "width": 192, "height": 305, "label": "left lung"}, {"x": 251, "y": 148, "width": 80, "height": 88, "label": "left hilar structures"}], "42": [{"x": 249, "y": 32, "width": 192, "height": 305, "label": "left lung"}], "43": [{"x": 62, "y": 20, "width": 152, "height": 311, "label": "right lung"}, {"x": 134, "y": 160, "width": 77, "height": 79, "label": "right hilar structures"}, {"x": 241, "y": 22, "width": 157, "height": 325, "label": "left lung"}, {"x": 244, "y": 157, "width": 77, "height": 89, "label": "left hilar structures"}], "44": [{"x": 62, "y": 20, "width": 152, "height": 311, "label": "right lung"}, {"x": 241, "y": 22, "width": 157, "height": 325, "label": "left lung"}], "45": [{"x": 172, "y": 212, "width": 146, "height": 137, "label": "cardiac silhouette"}], "46": [{"x": 10, "y": 47, "width": 200, "height": 441, "label": "right lung"}], "47": [{"x": 10, "y": 47, "width": 200, "height": 441, "label": "right lung"}, {"x": 254, "y": 45, "width": 203, "height": 398, "label": "left lung"}], "48": [{"x": 10, "y": 47, "width": 200, "height": 441, "label": "right lung"}, {"x": 254, "y": 45, "width": 203, "height": 398, "label": "left lung"}], "49": [{"x": 10, "y": 47, "width": 200, "height": 441, "label": "right lung"}, {"x": 126, "y": 159, "width": 82, "height": 156, "label": "right hilar structures"}, {"x": 254, "y": 45, "width": 203, "height": 398, "label": "left lung"}, {"x": 254, "y": 162, "width": 82, "height": 132, "label": "left hilar structures"}], "50": [{"x": 10, "y": 47, "width": 200, "height": 441, "label": "right lung"}, {"x": 254, "y": 45, "width": 203, "height": 398, "label": "left lung"}], "51": [{"x": 151, "y": 249, "width": 232, "height": 157, "label": "cardiac silhouette"}], "52": [{"x": 31, "y": 101, "width": 215, "height": 417, "label": "right lung"}, {"x": 143, "y": 275, "width": 99, "height": 116, "label": "right hilar structures"}, {"x": 281, "y": 99, "width": 224, "height": 422, "label": "left lung"}, {"x": 281, "y": 275, "width": 100, "height": 116, "label": "left hilar structures"}], "53": [{"x": 31, "y": 101, "width": 215, "height": 417, "label": "right lung"}, {"x": 281, "y": 99, "width": 224, "height": 422, "label": "left lung"}], "54": [{"x": 31, "y": 101, "width": 215, "height": 417, "label": "right lung"}, {"x": 143, "y": 275, "width": 99, "height": 116, "label": "right hilar structures"}, {"x": 281, "y": 99, "width": 224, "height": 422, "label": "left lung"}, {"x": 281, "y": 275, "width": 100, "height": 116, "label": "left hilar structures"}], "55": [{"x": 187, "y": 325, "width": 258, "height": 169, "label": "cardiac silhouette"}], "56": [{"x": 6, "y": 57, "width": 181, "height": 343, "label": "right lung"}, {"x": 105, "y": 178, "width": 77, "height": 104, "label": "right hilar structures"}, {"x": 212, "y": 65, "width": 169, "height": 258, "label": "left lung"}, {"x": 214, "y": 183, "width": 80, "height": 66, "label": "left hilar structures"}], "57": [{"x": 6, "y": 57, "width": 181, "height": 343, "label": "right lung"}, {"x": 212, "y": 65, "width": 169, "height": 258, "label": "left lung"}], "58": [{"x": 6, "y": 57, "width": 181, "height": 343, "label": "right lung"}, {"x": 212, "y": 65, "width": 169, "height": 258, "label": "left lung"}], "59": [{"x": 212, "y": 65, "width": 169, "height": 258, "label": "left lung"}], "60": [{"x": 141, "y": 244, "width": 144, "height": 159, "label": "cardiac silhouette"}], "61": [{"x": 13, "y": 68, "width": 192, "height": 297, "label": "right lung"}, {"x": 233, "y": 59, "width": 258, "height": 308, "label": "left lung"}], "62": [{"x": 13, "y": 68, "width": 192, "height": 297, "label": "right lung"}, {"x": 233, "y": 59, "width": 258, "height": 308, "label": "left lung"}], "63": [{"x": 13, "y": 68, "width": 192, "height": 297, "label": "right lung"}, {"x": 233, "y": 59, "width": 258, "height": 308, "label": "left lung"}], "64": [{"x": 115, "y": 173, "width": 90, "height": 89, "label": "right hilar structures"}, {"x": 241, "y": 173, "width": 110, "height": 92, "label": "left hilar structures"}, {"x": 159, "y": 237, "width": 233, "height": 126, "label": "cardiac silhouette"}], "65": [{"x": 38, "y": 82, "width": 187, "height": 308, "label": "right lung"}, {"x": 131, "y": 187, "width": 88, "height": 96, "label": "right hilar structures"}, {"x": 255, "y": 75, "width": 167, "height": 304, "label": "left lung"}, {"x": 255, "y": 187, "width": 77, "height": 89, "label": "left hilar structures"}], "66": [{"x": 38, "y": 82, "width": 187, "height": 308, "label": "right lung"}, {"x": 255, "y": 75, "width": 167, "height": 304, "label": "left lung"}], "67": [{"x": 38, "y": 82, "width": 187, "height": 308, "label": "right lung"}, {"x": 255, "y": 75, "width": 167, "height": 304, "label": "left lung"}], "68": [{"x": 38, "y": 82, "width": 187, "height": 308, "label": "right lung"}, {"x": 255, "y": 75, "width": 167, "height": 304, "label": "left lung"}, {"x": 186, "y": 244, "width": 162, "height": 130, "label": "cardiac silhouette"}], "69": [{"x": 131, "y": 187, "width": 88, "height": 96, "label": "right hilar structures"}, {"x": 255, "y": 187, "width": 77, "height": 89, "label": "left hilar structures"}], "70": [{"x": 186, "y": 244, "width": 162, "height": 130, "label": "cardiac silhouette"}], "71": [{"x": 9, "y": 35, "width": 208, "height": 448, "label": "right lung"}, {"x": 130, "y": 175, "width": 82, "height": 146, "label": "right hilar structures"}, {"x": 239, "y": 24, "width": 238, "height": 464, "label": "left lung"}, {"x": 246, "y": 175, "width": 99, "height": 146, "label": "left hilar structures"}, {"x": 139, "y": 252, "width": 242, "height": 192, "label": "cardiac silhouette"}], "72": [{"x": 9, "y": 35, "width": 208, "height": 448, "label": "right lung"}, {"x": 239, "y": 24, "width": 238, "height": 464, "label": "left lung"}], "73": [{"x": 9, "y": 35, "width": 208, "height": 448, "label": "right lung"}, {"x": 130, "y": 175, "width": 82, "height": 146, "label": "right hilar structures"}, {"x": 239, "y": 24, "width": 238, "height": 464, "label": "left lung"}, {"x": 246, "y": 175, "width": 99, "height": 146, "label": "left hilar structures"}], "74": [{"x": 35, "y": 125, "width": 179, "height": 247, "label": "right lung"}, {"x": 134, "y": 226, "width": 77, "height": 68, "label": "right hilar structures"}, {"x": 252, "y": 125, "width": 209, "height": 284, "label": "left lung"}, {"x": 258, "y": 224, "width": 85, "height": 86, "label": "left hilar structures"}], "75": [{"x": 35, "y": 125, "width": 179, "height": 247, "label": "right lung"}, {"x": 252, "y": 125, "width": 209, "height": 284, "label": "left lung"}], "76": [{"x": 35, "y": 125, "width": 179, "height": 247, "label": "right lung"}, {"x": 134, "y": 226, "width": 77, "height": 68, "label": "right hilar structures"}, {"x": 252, "y": 125, "width": 209, "height": 284, "label": "left lung"}, {"x": 258, "y": 224, "width": 85, "height": 86, "label": "left hilar structures"}, {"x": 167, "y": 283, "width": 220, "height": 123, "label": "cardiac silhouette"}], "77": [{"x": 167, "y": 283, "width": 220, "height": 123, "label": "cardiac silhouette"}], "78": [{"x": 43, "y": 71, "width": 146, "height": 329, "label": "right lung"}, {"x": 207, "y": 41, "width": 197, "height": 315, "label": "left lung"}], "79": [{"x": 43, "y": 71, "width": 146, "height": 329, "label": "right lung"}, {"x": 207, "y": 41, "width": 197, "height": 315, "label": "left lung"}], "80": [{"x": 43, "y": 71, "width": 146, "height": 329, "label": "right lung"}, {"x": 207, "y": 41, "width": 197, "height": 315, "label": "left lung"}], "81": [{"x": 121, "y": 183, "width": 66, "height": 102, "label": "right hilar structures"}, {"x": 214, "y": 189, "width": 85, "height": 77, "label": "left hilar structures"}, {"x": 171, "y": 241, "width": 164, "height": 126, "label": "cardiac silhouette"}], "82": [{"x": 30, "y": 50, "width": 189, "height": 320, "label": "right lung"}], "83": [{"x": 30, "y": 50, "width": 189, "height": 320, "label": "right lung"}, {"x": 255, "y": 54, "width": 170, "height": 323, "label": "left lung"}], "84": [{"x": 30, "y": 50, "width": 189, "height": 320, "label": "right lung"}, {"x": 255, "y": 54, "width": 170, "height": 323, "label": "left lung"}], "85": [{"x": 129, "y": 166, "width": 87, "height": 96, "label": "right hilar structures"}, {"x": 255, "y": 164, "width": 82, "height": 101, "label": "left hilar structures"}, {"x": 183, "y": 219, "width": 176, "height": 133, "label": "cardiac silhouette"}], "86": [{"x": 255, "y": 54, "width": 170, "height": 323, "label": "left lung"}], "87": [{"x": 255, "y": 54, "width": 170, "height": 323, "label": "left lung"}], "88": [{"x": 25, "y": 61, "width": 196, "height": 359, "label": "right lung"}, {"x": 242, "y": 69, "width": 189, "height": 370, "label": "left lung"}], "89": [{"x": 25, "y": 61, "width": 196, "height": 359, "label": "right lung"}, {"x": 125, "y": 194, "width": 87, "height": 106, "label": "right hilar structures"}, {"x": 242, "y": 69, "width": 189, "height": 370, "label": "left lung"}, {"x": 242, "y": 191, "width": 89, "height": 117, "label": "left hilar structures"}, {"x": 173, "y": 271, "width": 217, "height": 154, "label": "cardiac silhouette"}]}