{"0": [{"x": 79, "y": 60, "width": 169, "height": 304, "label": "right lung"}, {"x": 271, "y": 67, "width": 176, "height": 295, "label": "left lung"}], "1": [{"x": 79, "y": 60, "width": 169, "height": 304, "label": "right lung"}, {"x": 166, "y": 185, "width": 78, "height": 85, "label": "right hilar structures"}, {"x": 271, "y": 67, "width": 176, "height": 295, "label": "left lung"}, {"x": 271, "y": 185, "width": 83, "height": 80, "label": "left hilar structures"}], "2": [{"x": 79, "y": 60, "width": 169, "height": 304, "label": "right lung"}, {"x": 271, "y": 67, "width": 176, "height": 295, "label": "left lung"}], "3": [{"x": 79, "y": 60, "width": 169, "height": 304, "label": "right lung"}, {"x": 271, "y": 67, "width": 176, "height": 295, "label": "left lung"}], "4": [{"x": 200, "y": 234, "width": 174, "height": 128, "label": "cardiac silhouette"}], "5": [{"x": 41, "y": 59, "width": 205, "height": 304, "label": "right lung"}, {"x": 150, "y": 175, "width": 88, "height": 87, "label": "right hilar structures"}, {"x": 269, "y": 59, "width": 233, "height": 340, "label": "left lung"}, {"x": 269, "y": 173, "width": 90, "height": 105, "label": "left hilar structures"}], "6": [{"x": 41, "y": 59, "width": 205, "height": 304, "label": "right lung"}, {"x": 269, "y": 59, "width": 233, "height": 340, "label": "left lung"}], "7": [{"x": 41, "y": 59, "width": 205, "height": 304, "label": "right lung"}, {"x": 269, "y": 59, "width": 233, "height": 340, "label": "left lung"}], "8": [{"x": 41, "y": 59, "width": 205, "height": 304, "label": "right lung"}, {"x": 269, "y": 59, "width": 233, "height": 340, "label": "left lung"}, {"x": 161, "y": 230, "width": 264, "height": 117, "label": "cardiac silhouette"}], "9": [{"x": 150, "y": 175, "width": 88, "height": 87, "label": "right hilar structures"}, {"x": 269, "y": 173, "width": 90, "height": 105, "label": "left hilar structures"}], "10": [{"x": 161, "y": 230, "width": 264, "height": 117, "label": "cardiac silhouette"}], "11": [{"x": 19, "y": 75, "width": 211, "height": 283, "label": "right lung"}, {"x": 139, "y": 173, "width": 86, "height": 87, "label": "right hilar structures"}, {"x": 255, "y": 82, "width": 241, "height": 306, "label": "left lung"}, {"x": 255, "y": 171, "width": 96, "height": 103, "label": "left hilar structures"}], "12": [{"x": 19, "y": 75, "width": 211, "height": 283, "label": "right lung"}, {"x": 255, "y": 82, "width": 241, "height": 306, "label": "left lung"}, {"x": 153, "y": 230, "width": 267, "height": 126, "label": "cardiac silhouette"}], "13": [{"x": 19, "y": 75, "width": 211, "height": 283, "label": "right lung"}, {"x": 255, "y": 82, "width": 241, "height": 306, "label": "left lung"}, {"x": 153, "y": 230, "width": 267, "height": 126, "label": "cardiac silhouette"}], "14": [{"x": 19, "y": 75, "width": 211, "height": 283, "label": "right lung"}, {"x": 255, "y": 82, "width": 241, "height": 306, "label": "left lung"}], "15": [{"x": 153, "y": 230, "width": 267, "height": 126, "label": "cardiac silhouette"}], "16": [{"x": 54, "y": 64, "width": 151, "height": 262, "label": "right lung"}, {"x": 131, "y": 166, "width": 72, "height": 76, "label": "right hilar structures"}, {"x": 233, "y": 45, "width": 184, "height": 302, "label": "left lung"}, {"x": 238, "y": 164, "width": 85, "height": 87, "label": "left hilar structures"}, {"x": 164, "y": 219, "width": 206, "height": 128, "label": "cardiac silhouette"}], "17": [{"x": 54, "y": 64, "width": 151, "height": 262, "label": "right lung"}, {"x": 233, "y": 45, "width": 184, "height": 302, "label": "left lung"}], "18": [{"x": 54, "y": 64, "width": 151, "height": 262, "label": "right lung"}, {"x": 131, "y": 166, "width": 72, "height": 76, "label": "right hilar structures"}, {"x": 233, "y": 45, "width": 184, "height": 302, "label": "left lung"}, {"x": 238, "y": 164, "width": 85, "height": 87, "label": "left hilar structures"}, {"x": 164, "y": 219, "width": 206, "height": 128, "label": "cardiac silhouette"}], "19": [{"x": 54, "y": 64, "width": 151, "height": 262, "label": "right lung"}, {"x": 233, "y": 45, "width": 184, "height": 302, "label": "left lung"}], "20": [{"x": 164, "y": 219, "width": 206, "height": 128, "label": "cardiac silhouette"}], "21": [{"x": 54, "y": 84, "width": 176, "height": 306, "label": "right lung"}, {"x": 260, "y": 93, "width": 184, "height": 311, "label": "left lung"}], "22": [{"x": 54, "y": 84, "width": 176, "height": 306, "label": "right lung"}, {"x": 145, "y": 192, "width": 82, "height": 91, "label": "right hilar structures"}, {"x": 260, "y": 93, "width": 184, "height": 311, "label": "left lung"}, {"x": 266, "y": 189, "width": 88, "height": 101, "label": "left hilar structures"}], "23": [{"x": 54, "y": 84, "width": 176, "height": 306, "label": "right lung"}, {"x": 260, "y": 93, "width": 184, "height": 311, "label": "left lung"}, {"x": 197, "y": 244, "width": 168, "height": 126, "label": "cardiac silhouette"}], "24": [{"x": 145, "y": 192, "width": 82, "height": 91, "label": "right hilar structures"}, {"x": 266, "y": 189, "width": 88, "height": 101, "label": "left hilar structures"}, {"x": 197, "y": 244, "width": 168, "height": 126, "label": "cardiac silhouette"}], "25": [{"x": 43, "y": 34, "width": 203, "height": 279, "label": "right lung"}, {"x": 148, "y": 141, "width": 93, "height": 80, "label": "right hilar structures"}, {"x": 246, "y": 34, "width": 204, "height": 279, "label": "left lung"}, {"x": 252, "y": 141, "width": 93, "height": 80, "label": "left hilar structures"}], "26": [{"x": 43, "y": 34, "width": 203, "height": 279, "label": "right lung"}, {"x": 246, "y": 34, "width": 204, "height": 279, "label": "left lung"}], "27": [{"x": 43, "y": 34, "width": 203, "height": 279, "label": "right lung"}], "28": [{"x": 197, "y": 182, "width": 217, "height": 115, "label": "cardiac silhouette"}], "29": [{"x": 52, "y": 45, "width": 211, "height": 345, "label": "right lung"}, {"x": 161, "y": 166, "width": 94, "height": 105, "label": "right hilar structures"}, {"x": 244, "y": 52, "width": 206, "height": 368, "label": "left lung"}, {"x": 263, "y": 164, "width": 102, "height": 121, "label": "left hilar structures"}, {"x": 172, "y": 249, "width": 234, "height": 164, "label": "cardiac silhouette"}], "30": [{"x": 52, "y": 45, "width": 211, "height": 345, "label": "right lung"}, {"x": 161, "y": 166, "width": 94, "height": 105, "label": "right hilar structures"}, {"x": 244, "y": 52, "width": 206, "height": 368, "label": "left lung"}, {"x": 263, "y": 164, "width": 102, "height": 121, "label": "left hilar structures"}, {"x": 172, "y": 249, "width": 234, "height": 164, "label": "cardiac silhouette"}], "31": [{"x": 52, "y": 45, "width": 211, "height": 345, "label": "right lung"}, {"x": 244, "y": 52, "width": 206, "height": 368, "label": "left lung"}], "32": [{"x": 52, "y": 45, "width": 211, "height": 345, "label": "right lung"}, {"x": 161, "y": 166, "width": 94, "height": 105, "label": "right hilar structures"}], "33": [{"x": 52, "y": 45, "width": 211, "height": 345, "label": "right lung"}, {"x": 161, "y": 166, "width": 94, "height": 105, "label": "right hilar structures"}, {"x": 244, "y": 52, "width": 206, "height": 368, "label": "left lung"}, {"x": 263, "y": 164, "width": 102, "height": 121, "label": "left hilar structures"}, {"x": 172, "y": 249, "width": 234, "height": 164, "label": "cardiac silhouette"}], "34": [{"x": 244, "y": 52, "width": 206, "height": 368, "label": "left lung"}], "35": [{"x": 244, "y": 52, "width": 206, "height": 368, "label": "left lung"}], "36": [{"x": 172, "y": 249, "width": 234, "height": 164, "label": "cardiac silhouette"}], "37": [{"x": 172, "y": 249, "width": 234, "height": 164, "label": "cardiac silhouette"}], "38": [{"x": 172, "y": 249, "width": 234, "height": 164, "label": "cardiac silhouette"}], "39": [{"x": 32, "y": 68, "width": 201, "height": 363, "label": "right lung"}, {"x": 250, "y": 68, "width": 189, "height": 395, "label": "left lung"}], "40": [{"x": 32, "y": 68, "width": 201, "height": 363, "label": "right lung"}, {"x": 134, "y": 205, "width": 97, "height": 105, "label": "right hilar structures"}, {"x": 250, "y": 68, "width": 189, "height": 395, "label": "left lung"}, {"x": 250, "y": 203, "width": 96, "height": 121, "label": "left hilar structures"}], "41": [{"x": 250, "y": 68, "width": 189, "height": 395, "label": "left lung"}], "42": [{"x": 250, "y": 68, "width": 189, "height": 395, "label": "left lung"}], "43": [{"x": 140, "y": 262, "width": 217, "height": 151, "label": "cardiac silhouette"}], "44": [{"x": 101, "y": 70, "width": 162, "height": 270, "label": "right lung"}, {"x": 296, "y": 64, "width": 170, "height": 326, "label": "left lung"}], "45": [{"x": 101, "y": 70, "width": 162, "height": 270, "label": "right lung"}, {"x": 296, "y": 64, "width": 170, "height": 326, "label": "left lung"}, {"x": 225, "y": 242, "width": 195, "height": 123, "label": "cardiac silhouette"}], "46": [{"x": 186, "y": 194, "width": 72, "height": 68, "label": "right hilar structures"}, {"x": 299, "y": 192, "width": 74, "height": 91, "label": "left hilar structures"}], "47": [{"x": 225, "y": 242, "width": 195, "height": 123, "label": "cardiac silhouette"}], "48": [{"x": 73, "y": 35, "width": 203, "height": 428, "label": "right lung"}, {"x": 185, "y": 192, "width": 84, "height": 126, "label": "right hilar structures"}, {"x": 303, "y": 41, "width": 179, "height": 447, "label": "left lung"}, {"x": 303, "y": 189, "width": 83, "height": 143, "label": "left hilar structures"}], "49": [{"x": 73, "y": 35, "width": 203, "height": 428, "label": "right lung"}, {"x": 303, "y": 41, "width": 179, "height": 447, "label": "left lung"}], "50": [{"x": 73, "y": 35, "width": 203, "height": 428, "label": "right lung"}, {"x": 303, "y": 41, "width": 179, "height": 447, "label": "left lung"}], "51": [{"x": 73, "y": 35, "width": 203, "height": 428, "label": "right lung"}, {"x": 185, "y": 192, "width": 84, "height": 126, "label": "right hilar structures"}, {"x": 303, "y": 41, "width": 179, "height": 447, "label": "left lung"}, {"x": 303, "y": 189, "width": 83, "height": 143, "label": "left hilar structures"}], "52": [{"x": 73, "y": 35, "width": 203, "height": 428, "label": "right lung"}], "53": [{"x": 185, "y": 192, "width": 84, "height": 126, "label": "right hilar structures"}, {"x": 303, "y": 189, "width": 83, "height": 143, "label": "left hilar structures"}], "54": [{"x": 228, "y": 271, "width": 178, "height": 170, "label": "cardiac silhouette"}], "55": [{"x": 82, "y": 131, "width": 157, "height": 398, "label": "right lung"}, {"x": 160, "y": 225, "width": 77, "height": 142, "label": "right hilar structures"}, {"x": 249, "y": 104, "width": 228, "height": 332, "label": "left lung"}, {"x": 258, "y": 233, "width": 98, "height": 96, "label": "left hilar structures"}], "56": [{"x": 82, "y": 131, "width": 157, "height": 398, "label": "right lung"}], "57": [{"x": 82, "y": 131, "width": 157, "height": 398, "label": "right lung"}, {"x": 249, "y": 104, "width": 228, "height": 332, "label": "left lung"}], "58": [{"x": 249, "y": 104, "width": 228, "height": 332, "label": "left lung"}], "59": [{"x": 214, "y": 301, "width": 217, "height": 184, "label": "cardiac silhouette"}], "60": [{"x": 4, "y": 100, "width": 229, "height": 316, "label": "right lung"}, {"x": 242, "y": 120, "width": 203, "height": 368, "label": "left lung"}], "61": [{"x": 4, "y": 100, "width": 229, "height": 316, "label": "right lung"}, {"x": 100, "y": 254, "width": 114, "height": 75, "label": "right hilar structures"}, {"x": 242, "y": 120, "width": 203, "height": 368, "label": "left lung"}, {"x": 242, "y": 250, "width": 93, "height": 110, "label": "left hilar structures"}], "62": [{"x": 4, "y": 100, "width": 229, "height": 316, "label": "right lung"}, {"x": 242, "y": 120, "width": 203, "height": 368, "label": "left lung"}], "63": [{"x": 100, "y": 293, "width": 297, "height": 123, "label": "cardiac silhouette"}], "64": [{"x": 100, "y": 293, "width": 297, "height": 123, "label": "cardiac silhouette"}], "65": [{"x": 50, "y": 90, "width": 183, "height": 398, "label": "right lung"}, {"x": 146, "y": 233, "width": 84, "height": 121, "label": "right hilar structures"}, {"x": 253, "y": 76, "width": 222, "height": 420, "label": "left lung"}, {"x": 256, "y": 233, "width": 96, "height": 123, "label": "left hilar structures"}], "66": [{"x": 50, "y": 90, "width": 183, "height": 398, "label": "right lung"}, {"x": 253, "y": 76, "width": 222, "height": 420, "label": "left lung"}], "67": [{"x": 50, "y": 90, "width": 183, "height": 398, "label": "right lung"}, {"x": 253, "y": 76, "width": 222, "height": 420, "label": "left lung"}], "68": [{"x": 50, "y": 90, "width": 183, "height": 398, "label": "right lung"}, {"x": 253, "y": 76, "width": 222, "height": 420, "label": "left lung"}, {"x": 205, "y": 301, "width": 172, "height": 165, "label": "cardiac silhouette"}], "69": [{"x": 146, "y": 233, "width": 84, "height": 121, "label": "right hilar structures"}, {"x": 256, "y": 233, "width": 96, "height": 123, "label": "left hilar structures"}, {"x": 205, "y": 301, "width": 172, "height": 165, "label": "cardiac silhouette"}], "70": [{"x": 253, "y": 76, "width": 222, "height": 420, "label": "left lung"}], "71": [{"x": 253, "y": 76, "width": 222, "height": 420, "label": "left lung"}], "72": [{"x": 49, "y": 43, "width": 206, "height": 265, "label": "right lung"}, {"x": 148, "y": 173, "width": 96, "height": 64, "label": "right hilar structures"}, {"x": 271, "y": 43, "width": 206, "height": 265, "label": "left lung"}, {"x": 282, "y": 173, "width": 96, "height": 64, "label": "left hilar structures"}, {"x": 159, "y": 191, "width": 310, "height": 106, "label": "cardiac silhouette"}], "73": [{"x": 49, "y": 43, "width": 206, "height": 265, "label": "right lung"}, {"x": 271, "y": 43, "width": 206, "height": 265, "label": "left lung"}], "74": [{"x": 49, "y": 43, "width": 206, "height": 265, "label": "right lung"}, {"x": 271, "y": 43, "width": 206, "height": 265, "label": "left lung"}], "75": [{"x": 43, "y": 70, "width": 190, "height": 332, "label": "right lung"}, {"x": 263, "y": 61, "width": 165, "height": 306, "label": "left lung"}], "76": [{"x": 43, "y": 70, "width": 190, "height": 332, "label": "right lung"}, {"x": 263, "y": 61, "width": 165, "height": 306, "label": "left lung"}], "77": [{"x": 43, "y": 70, "width": 190, "height": 332, "label": "right lung"}], "78": [{"x": 43, "y": 70, "width": 190, "height": 332, "label": "right lung"}, {"x": 263, "y": 61, "width": 165, "height": 306, "label": "left lung"}], "79": [{"x": 137, "y": 175, "width": 88, "height": 106, "label": "right hilar structures"}, {"x": 266, "y": 178, "width": 82, "height": 89, "label": "left hilar structures"}], "80": [{"x": 263, "y": 61, "width": 165, "height": 306, "label": "left lung"}, {"x": 266, "y": 178, "width": 82, "height": 89, "label": "left hilar structures"}], "81": [{"x": 263, "y": 61, "width": 165, "height": 306, "label": "left lung"}], "82": [{"x": 263, "y": 61, "width": 165, "height": 306, "label": "left lung"}, {"x": 266, "y": 178, "width": 82, "height": 89, "label": "left hilar structures"}], "83": [{"x": 263, "y": 61, "width": 165, "height": 306, "label": "left lung"}], "84": [{"x": 186, "y": 226, "width": 228, "height": 121, "label": "cardiac silhouette"}], "85": [{"x": 95, "y": 24, "width": 142, "height": 489, "label": "right lung"}, {"x": 164, "y": 153, "width": 71, "height": 168, "label": "right hilar structures"}, {"x": 256, "y": 0, "width": 194, "height": 370, "label": "left lung"}, {"x": 265, "y": 164, "width": 96, "height": 96, "label": "left hilar structures"}, {"x": 207, "y": 241, "width": 215, "height": 206, "label": "cardiac silhouette"}], "86": [{"x": 95, "y": 24, "width": 142, "height": 489, "label": "right lung"}, {"x": 256, "y": 0, "width": 194, "height": 370, "label": "left lung"}], "87": [{"x": 95, "y": 24, "width": 142, "height": 489, "label": "right lung"}, {"x": 256, "y": 0, "width": 194, "height": 370, "label": "left lung"}], "88": [{"x": 0, "y": 164, "width": 164, "height": 308, "label": "right lung"}, {"x": 77, "y": 291, "width": 83, "height": 85, "label": "right hilar structures"}, {"x": 189, "y": 178, "width": 160, "height": 332, "label": "left lung"}, {"x": 189, "y": 288, "width": 73, "height": 104, "label": "left hilar structures"}], "89": [{"x": 0, "y": 164, "width": 164, "height": 308, "label": "right lung"}, {"x": 77, "y": 291, "width": 83, "height": 85, "label": "right hilar structures"}, {"x": 189, "y": 178, "width": 160, "height": 332, "label": "left lung"}, {"x": 189, "y": 288, "width": 73, "height": 104, "label": "left hilar structures"}], "90": [{"x": 0, "y": 164, "width": 164, "height": 308, "label": "right lung"}, {"x": 189, "y": 178, "width": 160, "height": 332, "label": "left lung"}], "91": [{"x": 77, "y": 291, "width": 83, "height": 85, "label": "right hilar structures"}, {"x": 189, "y": 288, "width": 73, "height": 104, "label": "left hilar structures"}, {"x": 102, "y": 345, "width": 190, "height": 151, "label": "cardiac silhouette"}], "92": [{"x": 102, "y": 345, "width": 190, "height": 151, "label": "cardiac silhouette"}], "93": [{"x": 49, "y": 66, "width": 190, "height": 386, "label": "right lung"}, {"x": 267, "y": 75, "width": 185, "height": 388, "label": "left lung"}], "94": [{"x": 49, "y": 66, "width": 190, "height": 386, "label": "right lung"}], "95": [{"x": 49, "y": 66, "width": 190, "height": 386, "label": "right lung"}, {"x": 267, "y": 75, "width": 185, "height": 388, "label": "left lung"}], "96": [{"x": 49, "y": 66, "width": 190, "height": 386, "label": "right lung"}, {"x": 143, "y": 210, "width": 91, "height": 116, "label": "right hilar structures"}, {"x": 267, "y": 75, "width": 185, "height": 388, "label": "left lung"}, {"x": 267, "y": 210, "width": 89, "height": 119, "label": "left hilar structures"}], "97": [{"x": 49, "y": 66, "width": 190, "height": 386, "label": "right lung"}], "98": [{"x": 49, "y": 66, "width": 190, "height": 386, "label": "right lung"}, {"x": 267, "y": 75, "width": 185, "height": 388, "label": "left lung"}], "99": [{"x": 49, "y": 66, "width": 190, "height": 386, "label": "right lung"}, {"x": 267, "y": 75, "width": 185, "height": 388, "label": "left lung"}], "100": [{"x": 49, "y": 66, "width": 190, "height": 386, "label": "right lung"}, {"x": 267, "y": 75, "width": 185, "height": 388, "label": "left lung"}], "101": [{"x": 49, "y": 66, "width": 190, "height": 386, "label": "right lung"}, {"x": 267, "y": 75, "width": 185, "height": 388, "label": "left lung"}], "102": [{"x": 143, "y": 210, "width": 91, "height": 116, "label": "right hilar structures"}, {"x": 267, "y": 210, "width": 89, "height": 119, "label": "left hilar structures"}, {"x": 192, "y": 260, "width": 177, "height": 139, "label": "cardiac silhouette"}], "103": [{"x": 192, "y": 260, "width": 177, "height": 139, "label": "cardiac silhouette"}], "104": [{"x": 35, "y": 79, "width": 198, "height": 291, "label": "right lung"}, {"x": 263, "y": 84, "width": 175, "height": 329, "label": "left lung"}], "105": [{"x": 35, "y": 79, "width": 198, "height": 291, "label": "right lung"}, {"x": 139, "y": 210, "width": 86, "height": 75, "label": "right hilar structures"}, {"x": 263, "y": 84, "width": 175, "height": 329, "label": "left lung"}, {"x": 263, "y": 205, "width": 84, "height": 101, "label": "left hilar structures"}, {"x": 179, "y": 262, "width": 224, "height": 133, "label": "cardiac silhouette"}], "106": [{"x": 35, "y": 79, "width": 198, "height": 291, "label": "right lung"}, {"x": 263, "y": 84, "width": 175, "height": 329, "label": "left lung"}], "107": [{"x": 35, "y": 79, "width": 198, "height": 291, "label": "right lung"}, {"x": 139, "y": 210, "width": 86, "height": 75, "label": "right hilar structures"}, {"x": 263, "y": 84, "width": 175, "height": 329, "label": "left lung"}, {"x": 263, "y": 205, "width": 84, "height": 101, "label": "left hilar structures"}], "108": [{"x": 35, "y": 79, "width": 198, "height": 291, "label": "right lung"}, {"x": 263, "y": 84, "width": 175, "height": 329, "label": "left lung"}], "109": [{"x": 179, "y": 262, "width": 224, "height": 133, "label": "cardiac silhouette"}], "110": [{"x": 58, "y": 20, "width": 214, "height": 409, "label": "right lung"}, {"x": 311, "y": 15, "width": 200, "height": 394, "label": "left lung"}], "111": [{"x": 58, "y": 20, "width": 214, "height": 409, "label": "right lung"}, {"x": 311, "y": 15, "width": 200, "height": 394, "label": "left lung"}], "112": [{"x": 58, "y": 20, "width": 214, "height": 409, "label": "right lung"}, {"x": 311, "y": 15, "width": 200, "height": 394, "label": "left lung"}], "113": [{"x": 175, "y": 132, "width": 94, "height": 139, "label": "right hilar structures"}, {"x": 311, "y": 132, "width": 97, "height": 133, "label": "left hilar structures"}, {"x": 236, "y": 212, "width": 203, "height": 137, "label": "cardiac silhouette"}], "114": [{"x": 311, "y": 15, "width": 200, "height": 394, "label": "left lung"}], "115": [{"x": 311, "y": 15, "width": 200, "height": 394, "label": "left lung"}], "116": [{"x": 236, "y": 212, "width": 203, "height": 137, "label": "cardiac silhouette"}]}