{"0": "PA AND LATERAL VIEWS OF THE CHEST:  The lungs are clear.", "1": "There is no pleural effusion or pneumothorax.", "2": "Cardiomediastinal silhouette and hilar contours are unremarkable.", "3": "bilatreral low lung volumes.", "4": "Lung volumes are very low exaggerating mild cardiomegaly.", "5": "As far as one can tell, lungs are clear.", "6": "There is no pulmonary edema or significant pleural abnormality.", "7": "retrocardiac opacity could represent atelectasis but cannto exclude infectious  process.", "8": "possible L effusion.", "9": "WET READ: ___ ___ 9:58 PM   increased heart size compared to prior study.", "10": "Pulmonary vascular and mediastinal venous distention have increased, now with new mild pulmonary edema and increase in heart size, still within normal limits.", "11": "There is no pneumothorax.", "12": "No pneumothorax.", "13": "Small left pleural effusion is presumed.", "14": "Increased pulmonary vascularity, mildly improved since prior exam.", "15": "There is small right pleural effusion and/or thickening, improved since prior.", "16": "Mild infrahilar interstitial prominence, may represent edema, improved.", "17": "Improved right basilar opacity.", "18": "No pneumothorax.", "19": "Borderline heart size, improved since prior.", "20": "No pleural effusion or pneumothorax is seen.", "21": "Mediastinal and hilar contours are unremarkable.", "22": "Apart from minimal streaky atelectasis in the left lung base, the lungs are clear.", "23": "3. Left basilar atelectasis.", "24": "3. Left basilar atelectasis.", "25": "Heart size is normal.", "26": "As compared to the previous radiograph, the lung volumes are low.", "27": "No pneumonia, no pulmonary edema.", "28": "No pleural effusions.", "29": "Normal hilar and mediastinal structures.", "30": "Moderate cardiomegaly with elongation of the descending aorta.", "31": "Lungs are hyperinflated but clear.", "32": "There is no pleural effusion, or pneumothorax.", "33": "No focal consolidations concerning pneumonia are identified.", "34": "No focal consolidations concerning for pneumonia identified.", "35": "The hilar and mediastinal contours are normal.", "36": "The heart size is normal.", "37": "FINDINGS:  PA and lateral views of the chest demonstrate the lungs are well expanded and clear.", "38": "There is no pleural effusion, pneumothorax, pulmonary edema, or focal airspace opacification.", "39": "Linear opacity over the right midlung is compatible with calcified pleural plaque is unchanged.", "40": "IMPRESSION:  No acute cardiopulmonary process.", "41": "Median sternotomy wires and post-surgical changes from prior CABG are stable in appearance.", "42": "The heart size is top normal.", "43": "No pulmonary edema.", "44": "No pleural effusions.", "45": "No lung nodules or masses.", "46": "No pneumonia.", "47": "Normal size of the cardiac silhouette, normal hilar and mediastinal structures.", "48": "No pleural effusion.", "49": "No evidence of lung parenchymal disease.", "50": "No pneumothorax.", "51": "Normal hilar and mediastinal structures.", "52": "Normal size of the cardiac silhouette.", "53": "The lung volumes are low and linear opacities at the bases most likely represent atelectasis.", "54": "There is no pulmonary edema.", "55": "There are small bilateral pleural effusions.", "56": "Small bilateral pleural effusions and bibasilar atelectasis.", "57": "There is no focal consolidation to suggest pneumonia.", "58": "The small subpleural nodule seen on the prior CT of the chest are not well visualized on today's exam.", "59": "No pneumothorax is identified.", "60": "No definite pneumonia.", "61": "The cardiomediastinal silhouette is normal.", "62": "AP AND LATERAL CHEST RADIOGRAPHS:  The lungs are clear without confluent consolidation.", "63": "There is no overt pulmonary edema or pleural effusions.", "64": "IMPRESSION: No consolidation, edema, or pleural effusion", "65": "The patient is status post CABG.", "66": "Lungs and pleural surfaces are clear.", "67": "FINDINGS:  Heart size, mediastinal and hilar contours are normal.", "68": "No overt pulmonary edema is seen.", "69": "No focal consolidation is seen.", "70": "Minimal bibasilar atelectasis is seen.", "71": "There is minimal blunting of the posterior left costophrenic angle, which could be due to pleural thickening versus a trace pleural effusion.", "72": "IMPRESSION:  Minimal blunting of the posterior left costophrenic angle may be due to pleural thickening versus trace pleural effusion.", "73": "The cardiac silhouette is mildly enlarged with left ventricular configuration.", "74": "Mild cardiomegaly with left ventricular configuration.", "75": "There is no pleural effusion or pneumothorax.", "76": "The lungs appear clear.", "77": "The mediastinal and hilar contours are unremarkable.", "78": "The heart is normal in size.", "79": "The main pulmonary artery contour is again prominent.", "80": "The lungs appear clear.", "81": "There are no pleural effusions or pneumothorax.", "82": "Similar prominent main pulmonary artery contour.", "83": "FINDINGS:  The heart is again mild-to-moderately enlarged.", "84": "FINDINGS:  There is moderate interstitial pulmonary edema characterized by Kerley B lines.", "85": "Small bilateral pleural effusions are present.", "86": "There is moderate pulmonary vascular engorgement, and enlargement of the cardiac silhouette.", "87": "IMPRESSION:  Moderate interstitial pulmonary edema and pulmonary vascular engorgement reflecting cardiac decompensation.", "88": "The mediastinal contours are normal, with calcification noted of the aortic knob.", "89": "PA AND LATERAL CHEST RADIOGRAPH:  The lungs are clear.", "90": "No vascular congestion, edema or pleural effusions are evident.", "91": "IMPRESSION:  No acute cardiopulmonary process.", "92": "There is no focal consolidation or pneumothorax.", "93": "Mediastinal and hilar contours are within normal limits.", "94": "The cardiac silhouette is mildly enlarged.", "95": "Mild cardiomegaly.", "96": "Diffusely increased interstitial opacities bilaterally are suggestive of mild interstitial pulmonary edema.", "97": "Small bilateral pleural effusions are noted.", "98": "Diffuse increased interstitial markings bilaterally with small bilateral pleural effusions are concerning for mild interstitial pulmonary edema.", "99": "No pneumothorax is detected.", "100": "The mediastinal and hilar contours are unremarkable.", "101": "Heart size is normal.", "102": "Again seen is pulmonary vascular congestion and likely mild pulmonary edema.", "103": "No pleural effusion.", "104": "Probable mild pulmonary edema.", "105": "No pneumothorax.", "106": "There is consolidation in the left lower lobe obscuring the medial aspect of the left hemidiaphragm.", "107": "There is new consolidation in the left lower lobe, likely representing atelectasis or pneumonia.", "108": "Mild cardiomegaly is unchanged.", "109": "Unchanged mild cardiomegaly."}