{"0": [{"x": 46, "y": 82, "width": 198, "height": 288, "label": "right lung"}, {"x": 139, "y": 198, "width": 94, "height": 80, "label": "right hilar structures"}], "1": [{"x": 46, "y": 82, "width": 198, "height": 288, "label": "right lung"}, {"x": 271, "y": 86, "width": 184, "height": 355, "label": "left lung"}], "2": [{"x": 46, "y": 82, "width": 198, "height": 288, "label": "right lung"}, {"x": 271, "y": 86, "width": 184, "height": 355, "label": "left lung"}], "3": [{"x": 46, "y": 82, "width": 198, "height": 288, "label": "right lung"}, {"x": 139, "y": 198, "width": 94, "height": 80, "label": "right hilar structures"}, {"x": 271, "y": 86, "width": 184, "height": 355, "label": "left lung"}, {"x": 271, "y": 192, "width": 88, "height": 118, "label": "left hilar structures"}], "4": [{"x": 46, "y": 82, "width": 198, "height": 288, "label": "right lung"}, {"x": 271, "y": 86, "width": 184, "height": 355, "label": "left lung"}, {"x": 216, "y": 251, "width": 160, "height": 148, "label": "cardiac silhouette"}], "5": [{"x": 271, "y": 192, "width": 88, "height": 118, "label": "left hilar structures"}, {"x": 216, "y": 251, "width": 160, "height": 148, "label": "cardiac silhouette"}], "6": [{"x": 38, "y": 59, "width": 189, "height": 393, "label": "right lung"}, {"x": 263, "y": 54, "width": 189, "height": 405, "label": "left lung"}], "7": [{"x": 38, "y": 59, "width": 189, "height": 393, "label": "right lung"}, {"x": 263, "y": 54, "width": 189, "height": 405, "label": "left lung"}], "8": [{"x": 38, "y": 59, "width": 189, "height": 393, "label": "right lung"}, {"x": 263, "y": 54, "width": 189, "height": 405, "label": "left lung"}, {"x": 196, "y": 253, "width": 164, "height": 151, "label": "cardiac silhouette"}], "9": [{"x": 138, "y": 187, "width": 89, "height": 123, "label": "right hilar structures"}, {"x": 266, "y": 187, "width": 91, "height": 128, "label": "left hilar structures"}], "10": [{"x": 196, "y": 253, "width": 164, "height": 151, "label": "cardiac silhouette"}], "11": [{"x": 88, "y": 36, "width": 154, "height": 307, "label": "right lung"}, {"x": 160, "y": 147, "width": 75, "height": 92, "label": "right hilar structures"}, {"x": 267, "y": 22, "width": 181, "height": 337, "label": "left lung"}, {"x": 267, "y": 144, "width": 82, "height": 102, "label": "left hilar structures"}], "12": [{"x": 130, "y": 204, "width": 278, "height": 143, "label": "cardiac silhouette"}], "13": [{"x": 130, "y": 204, "width": 278, "height": 143, "label": "cardiac silhouette"}], "14": [{"x": 73, "y": 117, "width": 176, "height": 407, "label": "right lung"}, {"x": 239, "y": 104, "width": 218, "height": 373, "label": "left lung"}], "15": [{"x": 73, "y": 117, "width": 176, "height": 407, "label": "right lung"}, {"x": 239, "y": 104, "width": 218, "height": 373, "label": "left lung"}], "16": [{"x": 73, "y": 117, "width": 176, "height": 407, "label": "right lung"}, {"x": 155, "y": 230, "width": 84, "height": 140, "label": "right hilar structures"}, {"x": 239, "y": 104, "width": 218, "height": 373, "label": "left lung"}, {"x": 244, "y": 236, "width": 78, "height": 115, "label": "left hilar structures"}], "17": [{"x": 73, "y": 117, "width": 176, "height": 407, "label": "right lung"}, {"x": 239, "y": 104, "width": 218, "height": 373, "label": "left lung"}, {"x": 166, "y": 288, "width": 199, "height": 156, "label": "cardiac silhouette"}], "18": [{"x": 166, "y": 288, "width": 199, "height": 156, "label": "cardiac silhouette"}], "19": [{"x": 111, "y": 52, "width": 138, "height": 263, "label": "right lung"}, {"x": 271, "y": 49, "width": 147, "height": 359, "label": "left lung"}], "20": [{"x": 111, "y": 52, "width": 138, "height": 263, "label": "right lung"}, {"x": 173, "y": 181, "width": 66, "height": 63, "label": "right hilar structures"}, {"x": 271, "y": 49, "width": 147, "height": 359, "label": "left lung"}, {"x": 274, "y": 175, "width": 73, "height": 110, "label": "left hilar structures"}], "21": [{"x": 111, "y": 52, "width": 138, "height": 263, "label": "right lung"}, {"x": 271, "y": 49, "width": 147, "height": 359, "label": "left lung"}], "22": [{"x": 192, "y": 244, "width": 178, "height": 159, "label": "cardiac silhouette"}], "23": [{"x": 87, "y": 107, "width": 168, "height": 226, "label": "right lung"}, {"x": 178, "y": 187, "width": 74, "height": 69, "label": "right hilar structures"}, {"x": 274, "y": 100, "width": 146, "height": 258, "label": "left lung"}, {"x": 277, "y": 187, "width": 71, "height": 80, "label": "left hilar structures"}, {"x": 84, "y": 235, "width": 278, "height": 117, "label": "cardiac silhouette"}], "24": [{"x": 87, "y": 107, "width": 168, "height": 226, "label": "right lung"}, {"x": 178, "y": 187, "width": 74, "height": 69, "label": "right hilar structures"}, {"x": 274, "y": 100, "width": 146, "height": 258, "label": "left lung"}, {"x": 277, "y": 187, "width": 71, "height": 80, "label": "left hilar structures"}], "25": [{"x": 87, "y": 107, "width": 168, "height": 226, "label": "right lung"}, {"x": 274, "y": 100, "width": 146, "height": 258, "label": "left lung"}], "26": [{"x": 274, "y": 100, "width": 146, "height": 258, "label": "left lung"}], "27": [{"x": 84, "y": 235, "width": 278, "height": 117, "label": "cardiac silhouette"}], "28": [{"x": 59, "y": 62, "width": 194, "height": 368, "label": "right lung"}, {"x": 166, "y": 214, "width": 78, "height": 101, "label": "right hilar structures"}, {"x": 281, "y": 62, "width": 224, "height": 393, "label": "left lung"}, {"x": 281, "y": 214, "width": 86, "height": 115, "label": "left hilar structures"}], "29": [{"x": 59, "y": 62, "width": 194, "height": 368, "label": "right lung"}, {"x": 281, "y": 62, "width": 224, "height": 393, "label": "left lung"}], "30": [{"x": 59, "y": 62, "width": 194, "height": 368, "label": "right lung"}, {"x": 166, "y": 214, "width": 78, "height": 101, "label": "right hilar structures"}, {"x": 281, "y": 62, "width": 224, "height": 393, "label": "left lung"}, {"x": 281, "y": 214, "width": 86, "height": 115, "label": "left hilar structures"}], "31": [{"x": 59, "y": 62, "width": 194, "height": 368, "label": "right lung"}, {"x": 281, "y": 62, "width": 224, "height": 393, "label": "left lung"}], "32": [{"x": 192, "y": 285, "width": 237, "height": 173, "label": "cardiac silhouette"}], "33": [{"x": 192, "y": 285, "width": 237, "height": 173, "label": "cardiac silhouette"}], "34": [{"x": 47, "y": 57, "width": 196, "height": 301, "label": "right lung"}, {"x": 272, "y": 63, "width": 172, "height": 295, "label": "left lung"}], "35": [{"x": 47, "y": 57, "width": 196, "height": 301, "label": "right lung"}, {"x": 151, "y": 173, "width": 87, "height": 87, "label": "right hilar structures"}, {"x": 272, "y": 63, "width": 172, "height": 295, "label": "left lung"}, {"x": 272, "y": 173, "width": 81, "height": 87, "label": "left hilar structures"}, {"x": 193, "y": 226, "width": 189, "height": 121, "label": "cardiac silhouette"}], "36": [{"x": 10, "y": 27, "width": 204, "height": 276, "label": "right lung"}, {"x": 246, "y": 25, "width": 212, "height": 283, "label": "left lung"}], "37": [{"x": 10, "y": 27, "width": 204, "height": 276, "label": "right lung"}, {"x": 246, "y": 25, "width": 212, "height": 283, "label": "left lung"}], "38": [{"x": 10, "y": 27, "width": 204, "height": 276, "label": "right lung"}, {"x": 246, "y": 25, "width": 212, "height": 283, "label": "left lung"}], "39": [{"x": 10, "y": 27, "width": 204, "height": 276, "label": "right lung"}, {"x": 246, "y": 25, "width": 212, "height": 283, "label": "left lung"}], "40": [{"x": 120, "y": 111, "width": 91, "height": 90, "label": "right hilar structures"}, {"x": 246, "y": 111, "width": 94, "height": 92, "label": "left hilar structures"}], "41": [{"x": 167, "y": 178, "width": 211, "height": 116, "label": "cardiac silhouette"}], "42": [{"x": 25, "y": 98, "width": 212, "height": 368, "label": "right lung"}, {"x": 262, "y": 115, "width": 206, "height": 401, "label": "left lung"}], "43": [{"x": 25, "y": 98, "width": 212, "height": 368, "label": "right lung"}, {"x": 150, "y": 230, "width": 83, "height": 110, "label": "right hilar structures"}, {"x": 262, "y": 115, "width": 206, "height": 401, "label": "left lung"}, {"x": 262, "y": 225, "width": 83, "height": 140, "label": "left hilar structures"}, {"x": 198, "y": 299, "width": 215, "height": 181, "label": "cardiac silhouette"}], "44": [{"x": 25, "y": 98, "width": 212, "height": 368, "label": "right lung"}, {"x": 262, "y": 115, "width": 206, "height": 401, "label": "left lung"}], "45": [{"x": 25, "y": 98, "width": 212, "height": 368, "label": "right lung"}, {"x": 262, "y": 115, "width": 206, "height": 401, "label": "left lung"}], "46": [{"x": 57, "y": 107, "width": 189, "height": 322, "label": "right lung"}, {"x": 246, "y": 107, "width": 198, "height": 322, "label": "left lung"}], "47": [{"x": 57, "y": 107, "width": 189, "height": 322, "label": "right lung"}, {"x": 164, "y": 189, "width": 85, "height": 119, "label": "right hilar structures"}, {"x": 246, "y": 107, "width": 198, "height": 322, "label": "left lung"}, {"x": 255, "y": 189, "width": 85, "height": 119, "label": "left hilar structures"}], "48": [{"x": 57, "y": 107, "width": 189, "height": 322, "label": "right lung"}, {"x": 246, "y": 107, "width": 198, "height": 322, "label": "left lung"}], "49": [{"x": 134, "y": 256, "width": 247, "height": 169, "label": "cardiac silhouette"}], "50": [{"x": 45, "y": 58, "width": 224, "height": 411, "label": "right lung"}, {"x": 271, "y": 82, "width": 176, "height": 411, "label": "left lung"}], "51": [{"x": 45, "y": 58, "width": 224, "height": 411, "label": "right lung"}, {"x": 168, "y": 185, "width": 92, "height": 135, "label": "right hilar structures"}, {"x": 271, "y": 82, "width": 176, "height": 411, "label": "left lung"}, {"x": 274, "y": 185, "width": 80, "height": 143, "label": "left hilar structures"}], "52": [{"x": 45, "y": 58, "width": 224, "height": 411, "label": "right lung"}, {"x": 168, "y": 185, "width": 92, "height": 135, "label": "right hilar structures"}, {"x": 271, "y": 82, "width": 176, "height": 411, "label": "left lung"}, {"x": 274, "y": 185, "width": 80, "height": 143, "label": "left hilar structures"}], "53": [{"x": 187, "y": 273, "width": 196, "height": 188, "label": "cardiac silhouette"}], "54": [{"x": 7, "y": 0, "width": 235, "height": 333, "label": "right lung"}, {"x": 218, "y": 75, "width": 279, "height": 366, "label": "left lung"}], "55": [{"x": 7, "y": 0, "width": 235, "height": 333, "label": "right lung"}, {"x": 218, "y": 75, "width": 279, "height": 366, "label": "left lung"}], "56": [{"x": 66, "y": 84, "width": 117, "height": 139, "label": "right hilar structures"}, {"x": 0, "y": 141, "width": 223, "height": 117, "label": "left hilar structures"}, {"x": 111, "y": 166, "width": 264, "height": 167, "label": "cardiac silhouette"}], "57": [{"x": 2, "y": 91, "width": 209, "height": 343, "label": "right lung"}, {"x": 244, "y": 91, "width": 236, "height": 366, "label": "left lung"}], "58": [{"x": 2, "y": 91, "width": 209, "height": 343, "label": "right lung"}, {"x": 244, "y": 91, "width": 236, "height": 366, "label": "left lung"}], "59": [{"x": 2, "y": 91, "width": 209, "height": 343, "label": "right lung"}, {"x": 244, "y": 91, "width": 236, "height": 366, "label": "left lung"}], "60": [{"x": 2, "y": 91, "width": 209, "height": 343, "label": "right lung"}, {"x": 244, "y": 91, "width": 236, "height": 366, "label": "left lung"}], "61": [{"x": 109, "y": 212, "width": 96, "height": 105, "label": "right hilar structures"}, {"x": 244, "y": 210, "width": 101, "height": 116, "label": "left hilar structures"}, {"x": 153, "y": 278, "width": 272, "height": 151, "label": "cardiac silhouette"}], "62": [{"x": 153, "y": 278, "width": 272, "height": 151, "label": "cardiac silhouette"}], "63": [{"x": 57, "y": 109, "width": 164, "height": 335, "label": "right lung"}, {"x": 148, "y": 238, "width": 73, "height": 96, "label": "right hilar structures"}, {"x": 251, "y": 101, "width": 169, "height": 373, "label": "left lung"}, {"x": 256, "y": 236, "width": 79, "height": 109, "label": "left hilar structures"}, {"x": 164, "y": 310, "width": 226, "height": 145, "label": "cardiac silhouette"}], "64": [{"x": 57, "y": 109, "width": 164, "height": 335, "label": "right lung"}, {"x": 251, "y": 101, "width": 169, "height": 373, "label": "left lung"}], "65": [{"x": 57, "y": 109, "width": 164, "height": 335, "label": "right lung"}, {"x": 251, "y": 101, "width": 169, "height": 373, "label": "left lung"}], "66": [{"x": 251, "y": 101, "width": 169, "height": 373, "label": "left lung"}], "67": [{"x": 54, "y": 89, "width": 181, "height": 418, "label": "right lung"}, {"x": 159, "y": 173, "width": 76, "height": 160, "label": "right hilar structures"}, {"x": 263, "y": 89, "width": 179, "height": 418, "label": "left lung"}, {"x": 263, "y": 173, "width": 77, "height": 160, "label": "left hilar structures"}], "68": [{"x": 54, "y": 89, "width": 181, "height": 418, "label": "right lung"}, {"x": 263, "y": 89, "width": 179, "height": 418, "label": "left lung"}, {"x": 159, "y": 226, "width": 222, "height": 267, "label": "cardiac silhouette"}], "69": [{"x": 54, "y": 89, "width": 181, "height": 418, "label": "right lung"}], "70": [{"x": 263, "y": 89, "width": 179, "height": 418, "label": "left lung"}], "71": [{"x": 13, "y": 0, "width": 215, "height": 266, "label": "right lung"}, {"x": 114, "y": 126, "width": 100, "height": 66, "label": "right hilar structures"}, {"x": 228, "y": 0, "width": 165, "height": 266, "label": "left lung"}, {"x": 230, "y": 126, "width": 80, "height": 66, "label": "left hilar structures"}], "72": [{"x": 114, "y": 126, "width": 100, "height": 66, "label": "right hilar structures"}, {"x": 125, "y": 150, "width": 224, "height": 99, "label": "cardiac silhouette"}], "73": [{"x": 228, "y": 0, "width": 165, "height": 266, "label": "left lung"}], "74": [{"x": 125, "y": 150, "width": 224, "height": 99, "label": "cardiac silhouette"}], "75": [{"x": 0, "y": 84, "width": 222, "height": 334, "label": "right lung"}], "76": [{"x": 0, "y": 84, "width": 222, "height": 334, "label": "right lung"}], "77": [{"x": 0, "y": 84, "width": 222, "height": 334, "label": "right lung"}], "78": [{"x": 0, "y": 84, "width": 222, "height": 334, "label": "right lung"}], "79": [{"x": 0, "y": 84, "width": 222, "height": 334, "label": "right lung"}], "80": [{"x": 0, "y": 84, "width": 222, "height": 334, "label": "right lung"}, {"x": 222, "y": 84, "width": 253, "height": 334, "label": "left lung"}], "81": [{"x": 132, "y": 169, "width": 90, "height": 118, "label": "right hilar structures"}, {"x": 222, "y": 169, "width": 107, "height": 118, "label": "left hilar structures"}], "82": [{"x": 132, "y": 169, "width": 90, "height": 118, "label": "right hilar structures"}, {"x": 222, "y": 169, "width": 107, "height": 118, "label": "left hilar structures"}], "83": [{"x": 132, "y": 169, "width": 90, "height": 118, "label": "right hilar structures"}, {"x": 222, "y": 169, "width": 107, "height": 118, "label": "left hilar structures"}], "84": [{"x": 164, "y": 228, "width": 170, "height": 112, "label": "cardiac silhouette"}], "85": [{"x": 0, "y": 45, "width": 258, "height": 343, "label": "right lung"}, {"x": 263, "y": 27, "width": 176, "height": 299, "label": "left lung"}], "86": [{"x": 0, "y": 45, "width": 258, "height": 343, "label": "right lung"}, {"x": 263, "y": 27, "width": 176, "height": 299, "label": "left lung"}, {"x": 236, "y": 157, "width": 162, "height": 105, "label": "cardiac silhouette"}], "87": [{"x": 0, "y": 45, "width": 258, "height": 343, "label": "right lung"}, {"x": 263, "y": 27, "width": 176, "height": 299, "label": "left lung"}, {"x": 236, "y": 157, "width": 162, "height": 105, "label": "cardiac silhouette"}], "88": [{"x": 0, "y": 45, "width": 258, "height": 343, "label": "right lung"}, {"x": 30, "y": 164, "width": 175, "height": 119, "label": "right hilar structures"}, {"x": 263, "y": 27, "width": 176, "height": 299, "label": "left lung"}, {"x": 266, "y": 132, "width": 85, "height": 89, "label": "left hilar structures"}], "89": [{"x": 0, "y": 45, "width": 258, "height": 343, "label": "right lung"}, {"x": 30, "y": 164, "width": 175, "height": 119, "label": "right hilar structures"}, {"x": 263, "y": 27, "width": 176, "height": 299, "label": "left lung"}, {"x": 266, "y": 132, "width": 85, "height": 89, "label": "left hilar structures"}], "90": [{"x": 31, "y": 56, "width": 195, "height": 318, "label": "right lung"}, {"x": 255, "y": 61, "width": 183, "height": 331, "label": "left lung"}], "91": [{"x": 31, "y": 56, "width": 195, "height": 318, "label": "right lung"}, {"x": 255, "y": 61, "width": 183, "height": 331, "label": "left lung"}], "92": [{"x": 31, "y": 56, "width": 195, "height": 318, "label": "right lung"}, {"x": 255, "y": 61, "width": 183, "height": 331, "label": "left lung"}, {"x": 173, "y": 230, "width": 201, "height": 128, "label": "cardiac silhouette"}], "93": [{"x": 132, "y": 173, "width": 87, "height": 96, "label": "right hilar structures"}, {"x": 255, "y": 171, "width": 85, "height": 105, "label": "left hilar structures"}, {"x": 173, "y": 230, "width": 201, "height": 128, "label": "cardiac silhouette"}], "94": [{"x": 173, "y": 230, "width": 201, "height": 128, "label": "cardiac silhouette"}]}