{"0": "In comparison with the study of ___, there again is substantial enlargement of the cardiac silhouette with pulmonary edema.", "1": "The right basilar opacification has improved.", "2": "Although the appearance most likely reflects atelectasis with left effusion and pulmonary edema, in the appropriate clinical setting, it would be impossible to exclude superimposed pneumonia.", "3": "Opacification at the left base again is consistent with volume loss in the lower lobe with associated pleural effusion.", "4": "As compared to ___, the pre-existing manifestations of relatively severe predominantly interstitial pulmonary edema have only minimally decreased in severity.", "5": "No new focal parenchymal opacities indicating the presence of pneumonia.", "6": "Moderate cardiomegaly persists.", "7": "There is no pleural effusion or pneumothorax.", "8": "There is central vascular engorgement without overt pulmonary edema.", "9": "Central pulmonary vascular engorgement without overt pulmonary edema.", "10": "No new focal consolidation is seen.", "11": "Dual lead left-sided pacer device is stable in position.", "12": "The cardiac silhouette remains stably enlarged.", "13": "Persistent cardiomegaly.", "14": "The pulmonary vasculature is not engorged.", "15": "No pleural effusion or pneumothorax is demonstrated.", "16": "Mediastinal and hilar contours are within normal limits.", "17": "There is minimal patchy retrocardiac opacity which may reflect atelectasis, however early infection is not excluded.", "18": "Minimal patchy retrocardiac opacity may reflect atelectasis, but an early infection cannot be excluded in the correct clinical setting.", "19": "Mild cardiomegaly is present, decreased in size compared to the prior study.", "20": "Large bilateral effusions with adjacent atelectasis and vascular congestion are unchanged.", "21": "Cardiomegaly is stable.", "22": "The heart is normal in size and lungs are clear without vascular congestion or pleural effusion.", "23": "Severe cardiomegaly with mediastinal vascular pedicle engorgement and mild pulmonary edema.", "24": "No large pleural effusion.", "25": "Right lower lobe opacity.", "26": "2. Right lower lobe opacity may represent atelectasis or pneumonia.", "27": "1. Mild congestive heart failure.", "28": "FINDINGS:  There is pulmonary vascular congestion with indistinct pulmonary vascular markings seen throughout.", "29": "There are small bilateral pleural effusions, also new from prior.", "30": "IMPRESSION:  Pulmonary vascular congestion and small bilateral pleural effusions.", "31": "Bibasilar opacities are seen, progressed on the right when compared to prior and new streaky left basilar opacities as well.", "32": "Right greater than left basilar opacities which could represent superimposed infection.", "33": "Recommend repeat after treatment to document resolution especially in setting of previously seen right-sided consolidation without documented resolution in the interim.", "34": "Cardiac silhouette is difficult to assess as it is silhouetted particularly on the right, but is at least mildly enlarged, similar to prior.", "35": "No focal consolidation, edema, effusion, or pneumothorax.", "36": "No focal pneumonia.", "37": "Streak like linear opacities in the left lower lobe is most likely atelectasis.", "38": "Left lower lobe atelectasis.", "39": "The heart is normal in size.", "40": "Lungs fully expanded and clear.", "41": "Cardiomediastinal, hilar silhouettes and pleural surfaces are normal.", "42": "Pulmonary vasculature is normal.", "43": "No pleural effusion or pneumothorax is present.", "44": "Mediastinal and hilar contours are normal.", "45": "Streaky opacity in the left lung base may reflect atelectasis but infection is not excluded.", "46": "Streaky left basilar opacity could reflect atelectasis but infection cannot be completely excluded.", "47": "Heart size is borderline enlarged.", "48": "In comparison to ___ chest radiograph, lung volumes are lower, accentuating the cardiac silhouette and resulting in crowding of bronchovascular structures.", "49": "Exam is otherwise remarkable for an apparent new small right pleural effusion.", "50": "New patchy bibasilar opacities could be secondary to aspiration, developing infectious pneumonia and atelectasis.", "51": "A right basilar chest tube is in unchanged location with a slight interval increase in the right pleural effusion.", "52": "Mild pulmonary vascular congestion and cardiac enlargement are stable.", "53": "1. Slight interval increase in small right pleural effusion with pigtail catheter in place.", "54": "No pneumothorax.", "55": "There is no pneumothorax or focal consolidation.", "56": "2. No pneumothorax.", "57": "A moderate layering left pleural effusion is unchanged with associated atelectasis.", "58": "No lung opacities concerning for pneumonia or aspiration.", "59": "Both pleural spaces are normal.", "60": "Heart size is normal, mediastinal and hilar contours are unremarkable.", "61": "A very vague and mildly increased opacity in the left upper lung could be from summation of the bone and soft tissue shadows.", "62": "Lung volumes are lower; this explains the increase in the heart size which is moderately enlarged and the crowding of bronchovascular structure at the lung bases.", "63": "There is no pleural effusion or pneumothorax.", "64": "There are no acute cardiopulmonary findings.", "65": "There is marked lung opacification, particularly involving the right upper lobe, both lower lobes to some extent, however, and also the left perihilar region in the left upper lobe.", "66": "There is no definite pleural effusion.", "67": "IMPRESSION:  Severe multifocal opacities, with suspicion that they most likely represent pneumonia, although a component of coinciding fluid overload is also possible.", "68": "FINDINGS:  The heart is mild to moderately enlarged.", "69": "The lungs are clear without focal consolidation.", "70": "No pleural effusion or pneumothorax is seen.", "71": "No pulmonary edema is seen.", "72": "No acute cardiopulmonary process.", "73": "The cardiac and mediastinal silhouettes are unremarkable.", "74": "2 lead left-sided pacer is seen with leads extending the expected positions of the right atrium and right ventricle.", "75": "Right-sided pigtail catheter is partially imaged.", "76": "A small right pleural effusion persists, possibly slightly increased, however this may relate to differences in patient position.", "77": "There may be mild central pulmonary vascular congestion.", "78": "Mild pulmonary vascular congestion.", "79": "Small right pleural effusion, possibly increased, however this may relate in part to differences in patient position.", "80": "Patient is status post aortic graft placement with unchanged left subclavian line.", "81": "As compared to the previous radiograph, a platelike atelectasis at the right lung bases has completely resolved.", "82": "The lung parenchyma now appears completely normal.", "83": "No pneumonia, no pleural effusions.", "84": "No hilar or mediastinal abnormalities.", "85": "Normal size of the cardiac silhouette.", "86": "There are low lung volumes.", "87": "Small bilateral pleural effusions are larger on the right side and associated with adjacent atelectasis.", "88": "There are minimal atelectasis in the right upper lobe.", "89": "There is no evidence of pulmonary edema.", "90": "Cardiac size is top normal."}