{"0": "WET READ: ___ ___ ___ 6:32 PM  New small bilateral pleural effusions but no pulmonary edema or new  consolidation.", "1": "Lungs well expanded and essentially clear.", "2": "Pulmonary vasculature borderline engorged previously is entirely normal.", "3": "Pleural effusions minimal if any.", "4": "Atelectasis improved but still seen on the lateral view.", "5": "No pneumothorax.", "6": "Heart size is normal.", "7": "Lower lung streaky opacities likely represent atelectasis and scarring.", "8": "Streaky opacities at the lower lungs likely atelectasis/ scarring.", "9": "No focal consolidation concerning for pneumonia.", "10": "No effusion or pneumothorax.", "11": "No overt edema.", "12": "The cardiomediastinal silhouette appears normal.", "13": "Since ___, the patient has been extubated and the bilateral pleural effusions have completely resolved.", "14": "The lungs are well-expanded and clear.", "15": "No focal consolidation, pulmonary edema, or pneumothorax.", "16": "Complete resolution of bilateral pleural effusions since ___.", "17": "No acute cardiopulmonary process.", "18": "The cardiomediastinal silhouette and hila are unremarkable.", "19": "Lungs are clear.", "20": "No pneumothorax or pleural effusion.", "21": "No pneumonia", "22": "Hilar and mediastinal contours are normal.", "23": "Frontal and lateral radiographs of the chest demonstrate normal heart size.", "24": "Previous moderately severe pulmonary edema has improved in the right lung, but on the left, there is progressive consolidation and volume loss which could reflect bronchial occlusion.", "25": "Small-to-moderate bilateral pleural effusions, exacerbated on the left by the airless lung.", "26": "Large lung volumes generally indicate COPD.", "27": "Cardiomegaly is moderate.", "28": "The lungs are hyperinflated.", "29": "The pulmonary vasculature is normal.", "30": "Lungs are clear.", "31": "No pleural effusion or pneumothorax is seen.", "32": "No acute cardiopulmonary abnormality.", "33": "The mediastinal and hilar contours are normal.", "34": "Heart size is normal.", "35": "The pulmonary vasculature is normal.", "36": "Patchy opacities are again seen within the lung bases bilaterally, more pronounced on the left, similar to that noted on the prior study.", "37": "Lungs are hyperinflated.", "38": "Trace pleural effusions the likely account for the blunting of the costophrenic angles posteriorly.", "39": "Small bilateral pleural effusions, unchanged.", "40": "There is no pneumothorax.", "41": "Persistent bibasilar patchy opacities, more pronounced on the left, concerning for pneumonia or aspiration.", "42": "Heart size is normal.", "43": "WET READ: ___ ___ ___ 7:16 AM  No acute cardiopulmonary process.", "44": "The lungs are clear, without focal consolidation, pleural effusion or pneumothorax.", "45": "No pulmonary edema.", "46": "No acute cardiopulmonary process.", "47": "Cardiomediastinal silhouette is within normal limits.", "48": "FINDINGS:  There are low lung volumes, accounting for some bronchovascular crowding.", "49": "Increased interstitial markings are seen but no focal opacities.", "50": "Bilateral pleural effusions, right worse than left, with associated atelectasis are better assessed in prior CT.", "51": "IMPRESSION: 1.  Bilateral pleural effusions with concurrent bibasilar atelectases, right worse than left.", "52": "2.  Increased interstitial and bronchovascular markings might represent fluid overload/interstitial edema.", "53": "There is no pneumothorax.", "54": "FINDINGS: A right upper lobe consolidation persists, initially seen on ___.", "55": "There are no signs of pulmonary edema, pneumothorax or pleural effusions.", "56": "IMPRESSION: Continued right upper lobe consolidation from ___.", "57": "There are no new focal opacities.", "58": "The heart and mediastinal contours are normal.", "59": "No pleural effusion or pneumothorax.", "60": "IMPRESSION:  Mild interval improvement in severe diffuse bilateral heterogeneous opacities with air bronchograms, likely from pulmonary edema.", "61": "Mild interval improvement in moderate to severe diffuse bilateral heterogeneous opacities with air bronchograms.", "62": "Heart size is mildly enlarged with normal mediastinal contour.", "63": "Patient is status post median sternotomyThe lungs are clear without focal consolidation.", "64": "No pleural effusion or pneumothorax is seen.", "65": "No overt pulmonary edema is seen.", "66": "No acute cardiopulmonary process.", "67": "The cardiac and mediastinal silhouettes are stable with the cardiac silhouette top-normal to mildly enlarged.", "68": "No appreciable pleural effusion or pneumothorax is visualized.", "69": "Previously noted mild pulmonary edema appears improved.", "70": "Lung volumes are low with patchy retrocardiac opacity, likely atelectasis.", "71": "Patchy retrocardiac opacity, likely atelectasis.", "72": "Frontal and lateral chest radiographs again demonstrate a left chest wall pacer device with leads overlying the right atrium and ventricle, as well as median sternotomy wires and clips along the left heart border.", "73": "The heart remains enlarged.", "74": "Combination of basal atelectasis and moderate right pleural effusion which developed on ___, subsequently stable.", "75": "Lung volumes have improved and mild interstitial edema has decreased.", "76": "No pneumothorax.", "77": "Heart size is normal.", "78": "Right PIC line ends in the upper right atrium.", "79": "Pulmonary edema mild, if any.", "80": "Small right pleural effusion layering posteriorly.", "81": "Generally large lung volumes indicate COPD.", "82": "No pneumothorax.", "83": "Severe cardiomegaly unchanged since at least ___.", "84": "Distended mediastinal veins suggest elevated right heart pressure.", "85": "As compared to ___ radiograph, enlarged cardiac silhouette and pulmonary vascular engorgement are persistent findings.", "86": "Asymmetrically distributed combined alveolar and interstitial pattern has slightly worsened.", "87": "As some of the opacities in the right lung have a somewhat nodular contour, followup radiographs to ensure complete resolution are suggested.", "88": "Small right pleural effusion is also demonstrated, but there is no visible pneumothorax.", "89": "Although possibly due to asymmetrical edema, superimposed infectious process should be considered in the appropriate clinical setting.", "90": "The lungs are clear without focal consolidation.", "91": "No pleural effusion or pneumothorax is seen.", "92": "No pulmonary edema is seen.", "93": "No acute cardiopulmonary process.", "94": "FINDINGS:  The lungs are reasonably well expanded with unchanged moderate cardiomegaly and mild vascular congestion.", "95": "Mild interstitial edema may also be present, although similar to the prior study.", "96": "A more multifocal opacity seen in the right base is poorly assessed.", "97": "Although no overt pulmonary edema is seen on this chest radiograph, there is septal thickening seen on subsequent spine CT.", "98": "Minimal upper zones septal thickening is noted.", "99": "No radiographic evidence of pulmonary edema although subsequent spine CT demonstrates septal thickening, suggestive interstitial edema.", "100": "There is no focal consolidation.", "101": "There is no pneumothorax.", "102": "No evidence of pneumonia.", "103": "The cardiomediastinal silhouette is mildly enlarged.", "104": "WET READ: ___ ___ ___ 11:05 PM  Apices of the lungs are obscured due to overlying soft tissue.", "105": "Mild pulmonary  vascular congestion.", "106": "Lordotic view exaggerates chronic mild to moderate cardiac enlargement, but there is increased caliber to pulmonary vasculature in the hila and periphery of the lung as well as mediastinal venous engorgement, all pointing toward cardiac decompensation, although there is no edema or appreciable pleural effusion.", "107": "No definite consolidatoins concerning for pneumonia is  identified, however a forma PA and lateral radiograph is recommended for full  evaluation."}