{"0": [{"x": 36, "y": 32, "width": 199, "height": 407, "label": "right lung"}, {"x": 267, "y": 24, "width": 199, "height": 382, "label": "left lung"}], "1": [{"x": 36, "y": 32, "width": 199, "height": 407, "label": "right lung"}, {"x": 148, "y": 161, "width": 85, "height": 130, "label": "right hilar structures"}, {"x": 267, "y": 24, "width": 199, "height": 382, "label": "left lung"}, {"x": 269, "y": 164, "width": 87, "height": 115, "label": "left hilar structures"}], "2": [{"x": 267, "y": 24, "width": 199, "height": 382, "label": "left lung"}], "3": [{"x": 267, "y": 24, "width": 199, "height": 382, "label": "left lung"}], "4": [{"x": 267, "y": 24, "width": 199, "height": 382, "label": "left lung"}], "5": [{"x": 185, "y": 233, "width": 196, "height": 145, "label": "cardiac silhouette"}], "6": [{"x": 10, "y": 68, "width": 212, "height": 322, "label": "right lung"}, {"x": 246, "y": 75, "width": 184, "height": 306, "label": "left lung"}], "7": [{"x": 10, "y": 68, "width": 212, "height": 322, "label": "right lung"}, {"x": 246, "y": 75, "width": 184, "height": 306, "label": "left lung"}], "8": [{"x": 10, "y": 68, "width": 212, "height": 322, "label": "right lung"}, {"x": 117, "y": 196, "width": 97, "height": 92, "label": "right hilar structures"}, {"x": 246, "y": 75, "width": 184, "height": 306, "label": "left lung"}, {"x": 246, "y": 196, "width": 91, "height": 87, "label": "left hilar structures"}, {"x": 142, "y": 256, "width": 247, "height": 139, "label": "cardiac silhouette"}], "9": [{"x": 246, "y": 75, "width": 184, "height": 306, "label": "left lung"}], "10": [{"x": 30, "y": 41, "width": 310, "height": 324, "label": "right lung"}, {"x": 183, "y": 201, "width": 253, "height": 196, "label": "left lung"}], "11": [{"x": 30, "y": 41, "width": 310, "height": 324, "label": "right lung"}, {"x": 183, "y": 201, "width": 253, "height": 196, "label": "left lung"}, {"x": 170, "y": 271, "width": 178, "height": 133, "label": "cardiac silhouette"}], "12": [{"x": 30, "y": 41, "width": 310, "height": 324, "label": "right lung"}, {"x": 269, "y": 335, "width": 148, "height": 78, "label": "right hilar structures"}, {"x": 183, "y": 201, "width": 253, "height": 196, "label": "left lung"}, {"x": 203, "y": 285, "width": 126, "height": 53, "label": "left hilar structures"}], "13": [{"x": 30, "y": 41, "width": 310, "height": 324, "label": "right lung"}, {"x": 183, "y": 201, "width": 253, "height": 196, "label": "left lung"}], "14": [{"x": 30, "y": 41, "width": 310, "height": 324, "label": "right lung"}, {"x": 183, "y": 201, "width": 253, "height": 196, "label": "left lung"}], "15": [{"x": 30, "y": 41, "width": 310, "height": 324, "label": "right lung"}, {"x": 183, "y": 201, "width": 253, "height": 196, "label": "left lung"}, {"x": 170, "y": 271, "width": 178, "height": 133, "label": "cardiac silhouette"}], "16": [{"x": 269, "y": 335, "width": 148, "height": 78, "label": "right hilar structures"}, {"x": 203, "y": 285, "width": 126, "height": 53, "label": "left hilar structures"}], "17": [{"x": 27, "y": 11, "width": 181, "height": 258, "label": "right lung"}], "18": [{"x": 27, "y": 11, "width": 181, "height": 258, "label": "right lung"}, {"x": 117, "y": 141, "width": 83, "height": 60, "label": "right hilar structures"}, {"x": 235, "y": 41, "width": 193, "height": 278, "label": "left lung"}, {"x": 235, "y": 136, "width": 86, "height": 87, "label": "left hilar structures"}], "19": [{"x": 27, "y": 11, "width": 181, "height": 258, "label": "right lung"}], "20": [{"x": 27, "y": 11, "width": 181, "height": 258, "label": "right lung"}, {"x": 117, "y": 141, "width": 83, "height": 60, "label": "right hilar structures"}, {"x": 235, "y": 41, "width": 193, "height": 278, "label": "left lung"}, {"x": 235, "y": 136, "width": 86, "height": 87, "label": "left hilar structures"}, {"x": 126, "y": 180, "width": 252, "height": 128, "label": "cardiac silhouette"}], "21": [{"x": 126, "y": 180, "width": 252, "height": 128, "label": "cardiac silhouette"}], "22": [{"x": 120, "y": 43, "width": 201, "height": 334, "label": "right lung"}, {"x": 230, "y": 155, "width": 85, "height": 105, "label": "right hilar structures"}, {"x": 312, "y": 54, "width": 193, "height": 320, "label": "left lung"}, {"x": 332, "y": 155, "width": 93, "height": 103, "label": "left hilar structures"}], "23": [{"x": 312, "y": 54, "width": 193, "height": 320, "label": "left lung"}], "24": [{"x": 249, "y": 212, "width": 215, "height": 151, "label": "cardiac silhouette"}], "25": [{"x": 68, "y": 155, "width": 184, "height": 265, "label": "right lung"}, {"x": 274, "y": 128, "width": 214, "height": 242, "label": "left lung"}], "26": [{"x": 68, "y": 155, "width": 184, "height": 265, "label": "right lung"}, {"x": 175, "y": 207, "width": 77, "height": 101, "label": "right hilar structures"}, {"x": 274, "y": 128, "width": 214, "height": 242, "label": "left lung"}, {"x": 282, "y": 212, "width": 85, "height": 73, "label": "left hilar structures"}], "27": [{"x": 68, "y": 155, "width": 184, "height": 265, "label": "right lung"}, {"x": 274, "y": 128, "width": 214, "height": 242, "label": "left lung"}], "28": [{"x": 274, "y": 128, "width": 214, "height": 242, "label": "left lung"}], "29": [{"x": 274, "y": 128, "width": 214, "height": 242, "label": "left lung"}], "30": [{"x": 192, "y": 288, "width": 252, "height": 123, "label": "cardiac silhouette"}], "31": [{"x": 84, "y": 38, "width": 176, "height": 442, "label": "right lung"}, {"x": 285, "y": 43, "width": 165, "height": 437, "label": "left lung"}], "32": [{"x": 84, "y": 38, "width": 176, "height": 442, "label": "right lung"}, {"x": 285, "y": 43, "width": 165, "height": 437, "label": "left lung"}], "33": [{"x": 84, "y": 38, "width": 176, "height": 442, "label": "right lung"}, {"x": 285, "y": 43, "width": 165, "height": 437, "label": "left lung"}], "34": [{"x": 178, "y": 170, "width": 78, "height": 145, "label": "right hilar structures"}, {"x": 285, "y": 170, "width": 73, "height": 145, "label": "left hilar structures"}, {"x": 219, "y": 246, "width": 162, "height": 168, "label": "cardiac silhouette"}], "35": [{"x": 49, "y": 91, "width": 192, "height": 281, "label": "right lung"}, {"x": 274, "y": 91, "width": 192, "height": 281, "label": "left lung"}], "36": [{"x": 49, "y": 91, "width": 192, "height": 281, "label": "right lung"}, {"x": 274, "y": 91, "width": 192, "height": 281, "label": "left lung"}], "37": [{"x": 49, "y": 91, "width": 192, "height": 281, "label": "right lung"}, {"x": 148, "y": 185, "width": 88, "height": 86, "label": "right hilar structures"}, {"x": 274, "y": 91, "width": 192, "height": 281, "label": "left lung"}, {"x": 279, "y": 185, "width": 88, "height": 86, "label": "left hilar structures"}], "38": [{"x": 194, "y": 242, "width": 236, "height": 226, "label": "cardiac silhouette"}], "39": [{"x": 194, "y": 242, "width": 236, "height": 226, "label": "cardiac silhouette"}], "40": [{"x": 109, "y": 112, "width": 144, "height": 288, "label": "right lung"}, {"x": 278, "y": 112, "width": 140, "height": 310, "label": "left lung"}], "41": [{"x": 109, "y": 112, "width": 144, "height": 288, "label": "right lung"}, {"x": 178, "y": 214, "width": 68, "height": 87, "label": "right hilar structures"}, {"x": 278, "y": 112, "width": 140, "height": 310, "label": "left lung"}, {"x": 278, "y": 211, "width": 69, "height": 101, "label": "left hilar structures"}], "42": [{"x": 109, "y": 112, "width": 144, "height": 288, "label": "right lung"}, {"x": 278, "y": 112, "width": 140, "height": 310, "label": "left lung"}], "43": [{"x": 109, "y": 112, "width": 144, "height": 288, "label": "right lung"}, {"x": 278, "y": 112, "width": 140, "height": 310, "label": "left lung"}], "44": [{"x": 109, "y": 112, "width": 144, "height": 288, "label": "right lung"}, {"x": 278, "y": 112, "width": 140, "height": 310, "label": "left lung"}], "45": [{"x": 214, "y": 260, "width": 183, "height": 154, "label": "cardiac silhouette"}], "46": [{"x": 214, "y": 260, "width": 183, "height": 154, "label": "cardiac silhouette"}], "47": [{"x": 214, "y": 260, "width": 183, "height": 154, "label": "cardiac silhouette"}], "48": [{"x": 38, "y": 62, "width": 167, "height": 338, "label": "right lung"}, {"x": 130, "y": 200, "width": 71, "height": 91, "label": "right hilar structures"}, {"x": 237, "y": 65, "width": 162, "height": 349, "label": "left lung"}, {"x": 237, "y": 197, "width": 73, "height": 102, "label": "left hilar structures"}], "49": [{"x": 38, "y": 62, "width": 167, "height": 338, "label": "right lung"}, {"x": 237, "y": 65, "width": 162, "height": 349, "label": "left lung"}], "50": [{"x": 38, "y": 62, "width": 167, "height": 338, "label": "right lung"}, {"x": 130, "y": 200, "width": 71, "height": 91, "label": "right hilar structures"}, {"x": 237, "y": 65, "width": 162, "height": 349, "label": "left lung"}, {"x": 237, "y": 197, "width": 73, "height": 102, "label": "left hilar structures"}], "51": [{"x": 38, "y": 62, "width": 167, "height": 338, "label": "right lung"}, {"x": 237, "y": 65, "width": 162, "height": 349, "label": "left lung"}, {"x": 171, "y": 252, "width": 171, "height": 159, "label": "cardiac silhouette"}], "52": [{"x": 38, "y": 62, "width": 167, "height": 338, "label": "right lung"}, {"x": 237, "y": 65, "width": 162, "height": 349, "label": "left lung"}], "53": [{"x": 64, "y": 93, "width": 164, "height": 434, "label": "right lung"}, {"x": 258, "y": 82, "width": 201, "height": 442, "label": "left lung"}], "54": [{"x": 64, "y": 93, "width": 164, "height": 434, "label": "right lung"}, {"x": 258, "y": 82, "width": 201, "height": 442, "label": "left lung"}], "55": [{"x": 64, "y": 93, "width": 164, "height": 434, "label": "right lung"}, {"x": 258, "y": 82, "width": 201, "height": 442, "label": "left lung"}], "56": [{"x": 64, "y": 93, "width": 164, "height": 434, "label": "right lung"}, {"x": 153, "y": 233, "width": 71, "height": 140, "label": "right hilar structures"}, {"x": 258, "y": 82, "width": 201, "height": 442, "label": "left lung"}, {"x": 258, "y": 233, "width": 84, "height": 140, "label": "left hilar structures"}], "57": [{"x": 153, "y": 233, "width": 71, "height": 140, "label": "right hilar structures"}, {"x": 258, "y": 233, "width": 84, "height": 140, "label": "left hilar structures"}, {"x": 180, "y": 323, "width": 199, "height": 179, "label": "cardiac silhouette"}], "58": [{"x": 180, "y": 323, "width": 199, "height": 179, "label": "cardiac silhouette"}], "59": [{"x": 84, "y": 139, "width": 206, "height": 312, "label": "right lung"}, {"x": 189, "y": 278, "width": 89, "height": 79, "label": "right hilar structures"}, {"x": 287, "y": 160, "width": 220, "height": 270, "label": "left lung"}, {"x": 301, "y": 278, "width": 103, "height": 71, "label": "left hilar structures"}], "60": [{"x": 84, "y": 139, "width": 206, "height": 312, "label": "right lung"}, {"x": 287, "y": 160, "width": 220, "height": 270, "label": "left lung"}], "61": [{"x": 84, "y": 139, "width": 206, "height": 312, "label": "right lung"}, {"x": 287, "y": 160, "width": 220, "height": 270, "label": "left lung"}], "62": [{"x": 198, "y": 281, "width": 252, "height": 154, "label": "cardiac silhouette"}], "63": [{"x": 198, "y": 281, "width": 252, "height": 154, "label": "cardiac silhouette"}], "64": [{"x": 45, "y": 90, "width": 151, "height": 365, "label": "right lung"}, {"x": 226, "y": 79, "width": 169, "height": 329, "label": "left lung"}], "65": [{"x": 45, "y": 90, "width": 151, "height": 365, "label": "right lung"}, {"x": 121, "y": 222, "width": 71, "height": 110, "label": "right hilar structures"}, {"x": 226, "y": 79, "width": 169, "height": 329, "label": "left lung"}, {"x": 226, "y": 225, "width": 71, "height": 85, "label": "left hilar structures"}], "66": [{"x": 43, "y": 260, "width": 290, "height": 165, "label": "cardiac silhouette"}], "67": [{"x": 10, "y": 73, "width": 212, "height": 311, "label": "right lung"}, {"x": 109, "y": 185, "width": 99, "height": 91, "label": "right hilar structures"}, {"x": 236, "y": 86, "width": 208, "height": 295, "label": "left lung"}, {"x": 236, "y": 185, "width": 101, "height": 91, "label": "left hilar structures"}], "68": [{"x": 10, "y": 73, "width": 212, "height": 311, "label": "right lung"}, {"x": 109, "y": 185, "width": 99, "height": 91, "label": "right hilar structures"}, {"x": 236, "y": 86, "width": 208, "height": 295, "label": "left lung"}, {"x": 236, "y": 185, "width": 101, "height": 91, "label": "left hilar structures"}], "69": [{"x": 10, "y": 73, "width": 212, "height": 311, "label": "right lung"}, {"x": 236, "y": 86, "width": 208, "height": 295, "label": "left lung"}], "70": [{"x": 10, "y": 73, "width": 212, "height": 311, "label": "right lung"}, {"x": 109, "y": 185, "width": 99, "height": 91, "label": "right hilar structures"}, {"x": 236, "y": 86, "width": 208, "height": 295, "label": "left lung"}, {"x": 236, "y": 185, "width": 101, "height": 91, "label": "left hilar structures"}], "71": [{"x": 236, "y": 86, "width": 208, "height": 295, "label": "left lung"}], "72": [{"x": 236, "y": 86, "width": 208, "height": 295, "label": "left lung"}], "73": [{"x": 236, "y": 86, "width": 208, "height": 295, "label": "left lung"}], "74": [{"x": 150, "y": 256, "width": 237, "height": 141, "label": "cardiac silhouette"}], "75": [{"x": 150, "y": 256, "width": 237, "height": 141, "label": "cardiac silhouette"}], "76": [{"x": 62, "y": 45, "width": 165, "height": 327, "label": "right lung"}, {"x": 258, "y": 45, "width": 164, "height": 345, "label": "left lung"}], "77": [{"x": 62, "y": 45, "width": 165, "height": 327, "label": "right lung"}, {"x": 150, "y": 169, "width": 75, "height": 96, "label": "right hilar structures"}, {"x": 258, "y": 45, "width": 164, "height": 345, "label": "left lung"}, {"x": 258, "y": 166, "width": 79, "height": 105, "label": "left hilar structures"}, {"x": 205, "y": 221, "width": 132, "height": 126, "label": "cardiac silhouette"}], "78": [{"x": 62, "y": 45, "width": 165, "height": 327, "label": "right lung"}, {"x": 258, "y": 45, "width": 164, "height": 345, "label": "left lung"}], "79": [{"x": 62, "y": 45, "width": 165, "height": 327, "label": "right lung"}, {"x": 258, "y": 45, "width": 164, "height": 345, "label": "left lung"}], "80": [{"x": 62, "y": 45, "width": 165, "height": 327, "label": "right lung"}, {"x": 258, "y": 45, "width": 164, "height": 345, "label": "left lung"}], "81": [{"x": 43, "y": 95, "width": 190, "height": 302, "label": "right lung"}, {"x": 268, "y": 91, "width": 195, "height": 313, "label": "left lung"}], "82": [{"x": 43, "y": 95, "width": 190, "height": 302, "label": "right lung"}, {"x": 268, "y": 91, "width": 195, "height": 313, "label": "left lung"}], "83": [{"x": 43, "y": 95, "width": 190, "height": 302, "label": "right lung"}, {"x": 268, "y": 91, "width": 195, "height": 313, "label": "left lung"}, {"x": 183, "y": 258, "width": 222, "height": 123, "label": "cardiac silhouette"}], "84": [{"x": 142, "y": 189, "width": 85, "height": 101, "label": "right hilar structures"}, {"x": 271, "y": 189, "width": 85, "height": 101, "label": "left hilar structures"}, {"x": 183, "y": 258, "width": 222, "height": 123, "label": "cardiac silhouette"}], "85": [{"x": 75, "y": 27, "width": 185, "height": 475, "label": "right lung"}, {"x": 281, "y": 27, "width": 171, "height": 469, "label": "left lung"}], "86": [{"x": 75, "y": 27, "width": 185, "height": 475, "label": "right lung"}, {"x": 281, "y": 27, "width": 171, "height": 469, "label": "left lung"}], "87": [{"x": 75, "y": 27, "width": 185, "height": 475, "label": "right lung"}, {"x": 281, "y": 27, "width": 171, "height": 469, "label": "left lung"}, {"x": 235, "y": 255, "width": 137, "height": 175, "label": "cardiac silhouette"}], "88": [{"x": 173, "y": 153, "width": 80, "height": 165, "label": "right hilar structures"}, {"x": 281, "y": 153, "width": 80, "height": 162, "label": "left hilar structures"}, {"x": 235, "y": 255, "width": 137, "height": 175, "label": "cardiac silhouette"}], "89": [{"x": 107, "y": 57, "width": 146, "height": 299, "label": "right lung"}], "90": [{"x": 107, "y": 57, "width": 146, "height": 299, "label": "right lung"}, {"x": 184, "y": 192, "width": 67, "height": 77, "label": "right hilar structures"}, {"x": 281, "y": 63, "width": 134, "height": 359, "label": "left lung"}, {"x": 283, "y": 186, "width": 66, "height": 110, "label": "left hilar structures"}], "91": [{"x": 107, "y": 57, "width": 146, "height": 299, "label": "right lung"}, {"x": 281, "y": 63, "width": 134, "height": 359, "label": "left lung"}], "92": [{"x": 281, "y": 63, "width": 134, "height": 359, "label": "left lung"}], "93": [{"x": 281, "y": 63, "width": 134, "height": 359, "label": "left lung"}], "94": [{"x": 207, "y": 260, "width": 181, "height": 151, "label": "cardiac silhouette"}], "95": [{"x": 43, "y": 43, "width": 187, "height": 249, "label": "right lung"}, {"x": 142, "y": 132, "width": 85, "height": 75, "label": "right hilar structures"}, {"x": 238, "y": 38, "width": 187, "height": 282, "label": "left lung"}, {"x": 249, "y": 130, "width": 94, "height": 89, "label": "left hilar structures"}], "96": [{"x": 43, "y": 43, "width": 187, "height": 249, "label": "right lung"}, {"x": 238, "y": 38, "width": 187, "height": 282, "label": "left lung"}], "97": [{"x": 43, "y": 43, "width": 187, "height": 249, "label": "right lung"}, {"x": 142, "y": 132, "width": 85, "height": 75, "label": "right hilar structures"}, {"x": 238, "y": 38, "width": 187, "height": 282, "label": "left lung"}, {"x": 249, "y": 130, "width": 94, "height": 89, "label": "left hilar structures"}], "98": [{"x": 43, "y": 43, "width": 187, "height": 249, "label": "right lung"}, {"x": 142, "y": 132, "width": 85, "height": 75, "label": "right hilar structures"}, {"x": 238, "y": 38, "width": 187, "height": 282, "label": "left lung"}, {"x": 249, "y": 130, "width": 94, "height": 89, "label": "left hilar structures"}], "99": [{"x": 43, "y": 43, "width": 187, "height": 249, "label": "right lung"}, {"x": 142, "y": 132, "width": 85, "height": 75, "label": "right hilar structures"}, {"x": 238, "y": 38, "width": 187, "height": 282, "label": "left lung"}, {"x": 249, "y": 130, "width": 94, "height": 89, "label": "left hilar structures"}], "100": [{"x": 43, "y": 43, "width": 187, "height": 249, "label": "right lung"}, {"x": 238, "y": 38, "width": 187, "height": 282, "label": "left lung"}], "101": [{"x": 43, "y": 43, "width": 187, "height": 249, "label": "right lung"}, {"x": 238, "y": 38, "width": 187, "height": 282, "label": "left lung"}], "102": [{"x": 98, "y": 187, "width": 319, "height": 254, "label": "cardiac silhouette"}], "103": [{"x": 98, "y": 187, "width": 319, "height": 254, "label": "cardiac silhouette"}], "104": [{"x": 98, "y": 187, "width": 319, "height": 254, "label": "cardiac silhouette"}], "105": [{"x": 63, "y": 68, "width": 190, "height": 283, "label": "right lung"}, {"x": 274, "y": 79, "width": 155, "height": 269, "label": "left lung"}], "106": [{"x": 63, "y": 68, "width": 190, "height": 283, "label": "right lung"}, {"x": 169, "y": 170, "width": 80, "height": 85, "label": "right hilar structures"}, {"x": 274, "y": 79, "width": 155, "height": 269, "label": "left lung"}, {"x": 274, "y": 170, "width": 71, "height": 85, "label": "left hilar structures"}], "107": [{"x": 63, "y": 68, "width": 190, "height": 283, "label": "right lung"}, {"x": 274, "y": 79, "width": 155, "height": 269, "label": "left lung"}], "108": [{"x": 187, "y": 214, "width": 210, "height": 145, "label": "cardiac silhouette"}], "109": [{"x": 187, "y": 214, "width": 210, "height": 145, "label": "cardiac silhouette"}]}