{"0": [{"x": 38, "y": 90, "width": 211, "height": 330, "label": "right lung"}, {"x": 150, "y": 230, "width": 87, "height": 88, "label": "right hilar structures"}, {"x": 256, "y": 90, "width": 173, "height": 308, "label": "left lung"}, {"x": 260, "y": 233, "width": 87, "height": 77, "label": "left hilar structures"}, {"x": 173, "y": 279, "width": 201, "height": 154, "label": "cardiac silhouette"}], "1": [{"x": 38, "y": 90, "width": 211, "height": 330, "label": "right lung"}], "2": [{"x": 38, "y": 90, "width": 211, "height": 330, "label": "right lung"}, {"x": 150, "y": 230, "width": 87, "height": 88, "label": "right hilar structures"}, {"x": 256, "y": 90, "width": 173, "height": 308, "label": "left lung"}, {"x": 260, "y": 233, "width": 87, "height": 77, "label": "left hilar structures"}], "3": [{"x": 256, "y": 90, "width": 173, "height": 308, "label": "left lung"}], "4": [{"x": 82, "y": 68, "width": 167, "height": 272, "label": "right lung"}, {"x": 172, "y": 182, "width": 77, "height": 74, "label": "right hilar structures"}, {"x": 288, "y": 54, "width": 189, "height": 281, "label": "left lung"}, {"x": 291, "y": 182, "width": 82, "height": 71, "label": "left hilar structures"}], "5": [{"x": 82, "y": 68, "width": 167, "height": 272, "label": "right lung"}, {"x": 288, "y": 54, "width": 189, "height": 281, "label": "left lung"}], "6": [{"x": 197, "y": 214, "width": 228, "height": 119, "label": "cardiac silhouette"}], "7": [{"x": 52, "y": 107, "width": 206, "height": 392, "label": "right lung"}, {"x": 281, "y": 104, "width": 201, "height": 417, "label": "left lung"}], "8": [{"x": 52, "y": 107, "width": 206, "height": 392, "label": "right lung"}, {"x": 169, "y": 249, "width": 80, "height": 121, "label": "right hilar structures"}, {"x": 281, "y": 104, "width": 201, "height": 417, "label": "left lung"}, {"x": 281, "y": 249, "width": 77, "height": 127, "label": "left hilar structures"}], "9": [{"x": 52, "y": 107, "width": 206, "height": 392, "label": "right lung"}, {"x": 169, "y": 249, "width": 80, "height": 121, "label": "right hilar structures"}, {"x": 281, "y": 104, "width": 201, "height": 417, "label": "left lung"}, {"x": 281, "y": 249, "width": 77, "height": 127, "label": "left hilar structures"}], "10": [{"x": 52, "y": 107, "width": 206, "height": 392, "label": "right lung"}, {"x": 281, "y": 104, "width": 201, "height": 417, "label": "left lung"}], "11": [{"x": 198, "y": 323, "width": 238, "height": 171, "label": "cardiac silhouette"}], "12": [{"x": 198, "y": 323, "width": 238, "height": 171, "label": "cardiac silhouette"}], "13": [{"x": 198, "y": 323, "width": 238, "height": 171, "label": "cardiac silhouette"}], "14": [{"x": 62, "y": 93, "width": 201, "height": 313, "label": "right lung"}, {"x": 170, "y": 205, "width": 85, "height": 96, "label": "right hilar structures"}, {"x": 288, "y": 102, "width": 173, "height": 314, "label": "left lung"}, {"x": 288, "y": 203, "width": 77, "height": 100, "label": "left hilar structures"}], "15": [{"x": 62, "y": 93, "width": 201, "height": 313, "label": "right lung"}, {"x": 288, "y": 102, "width": 173, "height": 314, "label": "left lung"}], "16": [{"x": 170, "y": 205, "width": 85, "height": 96, "label": "right hilar structures"}, {"x": 288, "y": 203, "width": 77, "height": 100, "label": "left hilar structures"}], "17": [{"x": 288, "y": 102, "width": 173, "height": 314, "label": "left lung"}], "18": [{"x": 288, "y": 102, "width": 173, "height": 314, "label": "left lung"}], "19": [{"x": 194, "y": 244, "width": 201, "height": 126, "label": "cardiac silhouette"}], "20": [{"x": 52, "y": 13, "width": 192, "height": 450, "label": "right lung"}, {"x": 164, "y": 114, "width": 91, "height": 167, "label": "right hilar structures"}, {"x": 244, "y": 13, "width": 214, "height": 450, "label": "left lung"}, {"x": 255, "y": 114, "width": 90, "height": 167, "label": "left hilar structures"}], "21": [{"x": 170, "y": 198, "width": 294, "height": 247, "label": "cardiac silhouette"}], "22": [{"x": 63, "y": 37, "width": 174, "height": 364, "label": "right lung"}, {"x": 162, "y": 167, "width": 75, "height": 112, "label": "right hilar structures"}, {"x": 267, "y": 42, "width": 190, "height": 381, "label": "left lung"}, {"x": 271, "y": 164, "width": 83, "height": 123, "label": "left hilar structures"}, {"x": 89, "y": 236, "width": 276, "height": 155, "label": "cardiac silhouette"}], "23": [{"x": 48, "y": 107, "width": 193, "height": 265, "label": "right lung"}, {"x": 152, "y": 203, "width": 83, "height": 80, "label": "right hilar structures"}, {"x": 270, "y": 100, "width": 193, "height": 318, "label": "left lung"}, {"x": 276, "y": 198, "width": 85, "height": 103, "label": "left hilar structures"}, {"x": 150, "y": 246, "width": 252, "height": 147, "label": "cardiac silhouette"}], "24": [{"x": 48, "y": 107, "width": 193, "height": 265, "label": "right lung"}, {"x": 270, "y": 100, "width": 193, "height": 318, "label": "left lung"}], "25": [{"x": 48, "y": 107, "width": 193, "height": 265, "label": "right lung"}], "26": [{"x": 48, "y": 107, "width": 193, "height": 265, "label": "right lung"}], "27": [{"x": 48, "y": 107, "width": 193, "height": 265, "label": "right lung"}, {"x": 270, "y": 100, "width": 193, "height": 318, "label": "left lung"}, {"x": 150, "y": 246, "width": 252, "height": 147, "label": "cardiac silhouette"}], "28": [{"x": 41, "y": 59, "width": 201, "height": 308, "label": "right lung"}, {"x": 150, "y": 180, "width": 84, "height": 87, "label": "right hilar structures"}, {"x": 253, "y": 57, "width": 201, "height": 320, "label": "left lung"}, {"x": 259, "y": 180, "width": 92, "height": 91, "label": "left hilar structures"}], "29": [{"x": 41, "y": 59, "width": 201, "height": 308, "label": "right lung"}, {"x": 253, "y": 57, "width": 201, "height": 320, "label": "left lung"}], "30": [{"x": 41, "y": 59, "width": 201, "height": 308, "label": "right lung"}, {"x": 150, "y": 180, "width": 84, "height": 87, "label": "right hilar structures"}, {"x": 253, "y": 57, "width": 201, "height": 320, "label": "left lung"}, {"x": 259, "y": 180, "width": 92, "height": 91, "label": "left hilar structures"}], "31": [{"x": 41, "y": 59, "width": 201, "height": 308, "label": "right lung"}, {"x": 253, "y": 57, "width": 201, "height": 320, "label": "left lung"}], "32": [{"x": 41, "y": 59, "width": 201, "height": 308, "label": "right lung"}, {"x": 253, "y": 57, "width": 201, "height": 320, "label": "left lung"}], "33": [{"x": 41, "y": 59, "width": 201, "height": 308, "label": "right lung"}], "34": [{"x": 128, "y": 249, "width": 287, "height": 240, "label": "cardiac silhouette"}], "35": [{"x": 32, "y": 82, "width": 187, "height": 383, "label": "right lung"}, {"x": 137, "y": 200, "width": 82, "height": 125, "label": "right hilar structures"}, {"x": 246, "y": 73, "width": 192, "height": 335, "label": "left lung"}, {"x": 249, "y": 205, "width": 86, "height": 94, "label": "left hilar structures"}], "36": [{"x": 32, "y": 82, "width": 187, "height": 383, "label": "right lung"}, {"x": 246, "y": 73, "width": 192, "height": 335, "label": "left lung"}], "37": [{"x": 246, "y": 73, "width": 192, "height": 335, "label": "left lung"}], "38": [{"x": 246, "y": 73, "width": 192, "height": 335, "label": "left lung"}], "39": [{"x": 187, "y": 264, "width": 194, "height": 146, "label": "cardiac silhouette"}], "40": [{"x": 28, "y": 50, "width": 220, "height": 365, "label": "right lung"}, {"x": 282, "y": 47, "width": 191, "height": 405, "label": "left lung"}], "41": [{"x": 28, "y": 50, "width": 220, "height": 365, "label": "right lung"}, {"x": 146, "y": 196, "width": 94, "height": 103, "label": "right hilar structures"}, {"x": 282, "y": 47, "width": 191, "height": 405, "label": "left lung"}, {"x": 282, "y": 194, "width": 94, "height": 121, "label": "left hilar structures"}, {"x": 203, "y": 264, "width": 186, "height": 167, "label": "cardiac silhouette"}], "42": [{"x": 35, "y": 18, "width": 198, "height": 295, "label": "right lung"}, {"x": 139, "y": 143, "width": 88, "height": 81, "label": "right hilar structures"}, {"x": 269, "y": 18, "width": 167, "height": 308, "label": "left lung"}, {"x": 269, "y": 141, "width": 82, "height": 87, "label": "left hilar structures"}], "43": [{"x": 35, "y": 18, "width": 198, "height": 295, "label": "right lung"}, {"x": 269, "y": 18, "width": 167, "height": 308, "label": "left lung"}], "44": [{"x": 139, "y": 143, "width": 88, "height": 81, "label": "right hilar structures"}, {"x": 269, "y": 141, "width": 82, "height": 87, "label": "left hilar structures"}], "45": [{"x": 269, "y": 18, "width": 167, "height": 308, "label": "left lung"}], "46": [{"x": 269, "y": 18, "width": 167, "height": 308, "label": "left lung"}], "47": [{"x": 183, "y": 192, "width": 220, "height": 123, "label": "cardiac silhouette"}], "48": [{"x": 79, "y": 113, "width": 170, "height": 282, "label": "right lung"}, {"x": 173, "y": 224, "width": 73, "height": 79, "label": "right hilar structures"}, {"x": 283, "y": 103, "width": 167, "height": 323, "label": "left lung"}, {"x": 283, "y": 211, "width": 75, "height": 102, "label": "left hilar structures"}, {"x": 189, "y": 276, "width": 203, "height": 145, "label": "cardiac silhouette"}], "49": [{"x": 79, "y": 113, "width": 170, "height": 282, "label": "right lung"}], "50": [{"x": 79, "y": 113, "width": 170, "height": 282, "label": "right lung"}, {"x": 283, "y": 103, "width": 167, "height": 323, "label": "left lung"}], "51": [{"x": 55, "y": 92, "width": 181, "height": 239, "label": "right lung"}], "52": [{"x": 55, "y": 92, "width": 181, "height": 239, "label": "right lung"}, {"x": 153, "y": 169, "width": 72, "height": 57, "label": "right hilar structures"}, {"x": 263, "y": 75, "width": 200, "height": 206, "label": "left lung"}, {"x": 263, "y": 169, "width": 85, "height": 52, "label": "left hilar structures"}, {"x": 172, "y": 212, "width": 193, "height": 103, "label": "cardiac silhouette"}], "53": [{"x": 55, "y": 92, "width": 181, "height": 239, "label": "right lung"}], "54": [{"x": 55, "y": 92, "width": 181, "height": 239, "label": "right lung"}, {"x": 263, "y": 75, "width": 200, "height": 206, "label": "left lung"}], "55": [{"x": 55, "y": 92, "width": 181, "height": 239, "label": "right lung"}, {"x": 263, "y": 75, "width": 200, "height": 206, "label": "left lung"}], "56": [{"x": 55, "y": 92, "width": 181, "height": 239, "label": "right lung"}, {"x": 263, "y": 75, "width": 200, "height": 206, "label": "left lung"}], "57": [{"x": 263, "y": 75, "width": 200, "height": 206, "label": "left lung"}], "58": [{"x": 50, "y": 6, "width": 184, "height": 386, "label": "right lung"}, {"x": 271, "y": 11, "width": 178, "height": 397, "label": "left lung"}], "59": [{"x": 50, "y": 6, "width": 184, "height": 386, "label": "right lung"}, {"x": 271, "y": 11, "width": 178, "height": 397, "label": "left lung"}], "60": [{"x": 143, "y": 114, "width": 91, "height": 132, "label": "right hilar structures"}, {"x": 271, "y": 114, "width": 90, "height": 137, "label": "left hilar structures"}, {"x": 204, "y": 198, "width": 160, "height": 149, "label": "cardiac silhouette"}], "61": [{"x": 271, "y": 11, "width": 178, "height": 397, "label": "left lung"}], "62": [{"x": 100, "y": 79, "width": 178, "height": 286, "label": "right lung"}, {"x": 196, "y": 173, "width": 75, "height": 89, "label": "right hilar structures"}, {"x": 290, "y": 79, "width": 171, "height": 311, "label": "left lung"}, {"x": 290, "y": 171, "width": 77, "height": 103, "label": "left hilar structures"}, {"x": 219, "y": 230, "width": 210, "height": 140, "label": "cardiac silhouette"}], "63": [{"x": 100, "y": 79, "width": 178, "height": 286, "label": "right lung"}, {"x": 290, "y": 79, "width": 171, "height": 311, "label": "left lung"}], "64": [{"x": 100, "y": 79, "width": 178, "height": 286, "label": "right lung"}, {"x": 290, "y": 79, "width": 171, "height": 311, "label": "left lung"}, {"x": 219, "y": 230, "width": 210, "height": 140, "label": "cardiac silhouette"}], "65": [{"x": 5, "y": 66, "width": 209, "height": 350, "label": "right lung"}, {"x": 120, "y": 180, "width": 88, "height": 112, "label": "right hilar structures"}, {"x": 246, "y": 75, "width": 217, "height": 329, "label": "left lung"}, {"x": 249, "y": 180, "width": 85, "height": 105, "label": "left hilar structures"}], "66": [{"x": 5, "y": 66, "width": 209, "height": 350, "label": "right lung"}, {"x": 246, "y": 75, "width": 217, "height": 329, "label": "left lung"}], "67": [{"x": 5, "y": 66, "width": 209, "height": 350, "label": "right lung"}, {"x": 246, "y": 75, "width": 217, "height": 329, "label": "left lung"}, {"x": 142, "y": 244, "width": 253, "height": 140, "label": "cardiac silhouette"}], "68": [{"x": 142, "y": 244, "width": 253, "height": 140, "label": "cardiac silhouette"}], "69": [{"x": 34, "y": 52, "width": 187, "height": 406, "label": "right lung"}, {"x": 251, "y": 62, "width": 194, "height": 374, "label": "left lung"}], "70": [{"x": 34, "y": 52, "width": 187, "height": 406, "label": "right lung"}, {"x": 251, "y": 62, "width": 194, "height": 374, "label": "left lung"}], "71": [{"x": 34, "y": 52, "width": 187, "height": 406, "label": "right lung"}, {"x": 137, "y": 189, "width": 84, "height": 126, "label": "right hilar structures"}, {"x": 251, "y": 62, "width": 194, "height": 374, "label": "left lung"}, {"x": 253, "y": 192, "width": 85, "height": 115, "label": "left hilar structures"}], "72": [{"x": 34, "y": 52, "width": 187, "height": 406, "label": "right lung"}, {"x": 251, "y": 62, "width": 194, "height": 374, "label": "left lung"}, {"x": 189, "y": 246, "width": 165, "height": 154, "label": "cardiac silhouette"}], "73": [{"x": 189, "y": 246, "width": 165, "height": 154, "label": "cardiac silhouette"}], "74": [{"x": 189, "y": 246, "width": 165, "height": 154, "label": "cardiac silhouette"}], "75": [{"x": 95, "y": 48, "width": 161, "height": 335, "label": "right lung"}], "76": [{"x": 95, "y": 48, "width": 161, "height": 335, "label": "right lung"}], "77": [{"x": 95, "y": 48, "width": 161, "height": 335, "label": "right lung"}, {"x": 185, "y": 143, "width": 66, "height": 113, "label": "right hilar structures"}, {"x": 271, "y": 21, "width": 158, "height": 430, "label": "left lung"}, {"x": 271, "y": 137, "width": 69, "height": 146, "label": "left hilar structures"}], "78": [{"x": 95, "y": 48, "width": 161, "height": 335, "label": "right lung"}, {"x": 185, "y": 143, "width": 66, "height": 113, "label": "right hilar structures"}, {"x": 271, "y": 21, "width": 158, "height": 430, "label": "left lung"}, {"x": 271, "y": 137, "width": 69, "height": 146, "label": "left hilar structures"}], "79": [{"x": 95, "y": 48, "width": 161, "height": 335, "label": "right lung"}], "80": [{"x": 207, "y": 226, "width": 158, "height": 154, "label": "cardiac silhouette"}], "81": [{"x": 66, "y": 0, "width": 187, "height": 348, "label": "right lung"}], "82": [{"x": 66, "y": 0, "width": 187, "height": 348, "label": "right lung"}, {"x": 281, "y": 0, "width": 173, "height": 356, "label": "left lung"}], "83": [{"x": 66, "y": 0, "width": 187, "height": 348, "label": "right lung"}, {"x": 281, "y": 0, "width": 173, "height": 356, "label": "left lung"}], "84": [{"x": 166, "y": 115, "width": 80, "height": 110, "label": "right hilar structures"}, {"x": 281, "y": 115, "width": 75, "height": 115, "label": "left hilar structures"}], "85": [{"x": 203, "y": 181, "width": 164, "height": 148, "label": "cardiac silhouette"}], "86": [{"x": 96, "y": 84, "width": 173, "height": 336, "label": "right lung"}, {"x": 299, "y": 68, "width": 183, "height": 362, "label": "left lung"}], "87": [{"x": 96, "y": 84, "width": 173, "height": 336, "label": "right lung"}, {"x": 299, "y": 68, "width": 183, "height": 362, "label": "left lung"}], "88": [{"x": 96, "y": 84, "width": 173, "height": 336, "label": "right lung"}], "89": [{"x": 96, "y": 84, "width": 173, "height": 336, "label": "right lung"}, {"x": 189, "y": 219, "width": 76, "height": 91, "label": "right hilar structures"}, {"x": 299, "y": 68, "width": 183, "height": 362, "label": "left lung"}, {"x": 299, "y": 216, "width": 73, "height": 102, "label": "left hilar structures"}], "90": [{"x": 221, "y": 271, "width": 185, "height": 154, "label": "cardiac silhouette"}]}