{"0": [{"x": 56, "y": 70, "width": 183, "height": 226, "label": "right lung"}, {"x": 260, "y": 79, "width": 171, "height": 212, "label": "left lung"}], "1": [{"x": 56, "y": 70, "width": 183, "height": 226, "label": "right lung"}, {"x": 150, "y": 155, "width": 80, "height": 66, "label": "right hilar structures"}, {"x": 260, "y": 79, "width": 171, "height": 212, "label": "left lung"}, {"x": 262, "y": 155, "width": 82, "height": 61, "label": "left hilar structures"}, {"x": 139, "y": 178, "width": 233, "height": 106, "label": "cardiac silhouette"}], "2": [{"x": 56, "y": 70, "width": 183, "height": 226, "label": "right lung"}], "3": [{"x": 56, "y": 70, "width": 183, "height": 226, "label": "right lung"}, {"x": 260, "y": 79, "width": 171, "height": 212, "label": "left lung"}], "4": [{"x": 56, "y": 70, "width": 183, "height": 226, "label": "right lung"}, {"x": 260, "y": 79, "width": 171, "height": 212, "label": "left lung"}], "5": [{"x": 56, "y": 70, "width": 183, "height": 226, "label": "right lung"}, {"x": 260, "y": 79, "width": 171, "height": 212, "label": "left lung"}], "6": [{"x": 260, "y": 79, "width": 171, "height": 212, "label": "left lung"}, {"x": 262, "y": 155, "width": 82, "height": 61, "label": "left hilar structures"}], "7": [{"x": 29, "y": 54, "width": 206, "height": 336, "label": "right lung"}, {"x": 269, "y": 63, "width": 194, "height": 329, "label": "left lung"}], "8": [{"x": 29, "y": 54, "width": 206, "height": 336, "label": "right lung"}, {"x": 269, "y": 63, "width": 194, "height": 329, "label": "left lung"}], "9": [{"x": 141, "y": 191, "width": 86, "height": 92, "label": "right hilar structures"}, {"x": 272, "y": 191, "width": 79, "height": 96, "label": "left hilar structures"}, {"x": 185, "y": 242, "width": 216, "height": 134, "label": "cardiac silhouette"}], "10": [{"x": 82, "y": 111, "width": 167, "height": 282, "label": "right lung"}, {"x": 170, "y": 207, "width": 71, "height": 87, "label": "right hilar structures"}, {"x": 269, "y": 121, "width": 137, "height": 281, "label": "left lung"}, {"x": 269, "y": 207, "width": 65, "height": 92, "label": "left hilar structures"}], "11": [{"x": 82, "y": 111, "width": 167, "height": 282, "label": "right lung"}, {"x": 269, "y": 121, "width": 137, "height": 281, "label": "left lung"}], "12": [{"x": 82, "y": 111, "width": 167, "height": 282, "label": "right lung"}, {"x": 170, "y": 207, "width": 71, "height": 87, "label": "right hilar structures"}, {"x": 269, "y": 121, "width": 137, "height": 281, "label": "left lung"}, {"x": 269, "y": 207, "width": 65, "height": 92, "label": "left hilar structures"}], "13": [{"x": 197, "y": 269, "width": 165, "height": 130, "label": "cardiac silhouette"}], "14": [{"x": 61, "y": 109, "width": 181, "height": 265, "label": "right lung"}, {"x": 164, "y": 246, "width": 78, "height": 58, "label": "right hilar structures"}, {"x": 233, "y": 100, "width": 189, "height": 204, "label": "left lung"}, {"x": 242, "y": 251, "width": 82, "height": 23, "label": "left hilar structures"}], "15": [{"x": 61, "y": 109, "width": 181, "height": 265, "label": "right lung"}, {"x": 164, "y": 246, "width": 78, "height": 58, "label": "right hilar structures"}, {"x": 233, "y": 100, "width": 189, "height": 204, "label": "left lung"}, {"x": 242, "y": 251, "width": 82, "height": 23, "label": "left hilar structures"}], "16": [{"x": 61, "y": 109, "width": 181, "height": 265, "label": "right lung"}, {"x": 233, "y": 100, "width": 189, "height": 204, "label": "left lung"}], "17": [{"x": 61, "y": 109, "width": 181, "height": 265, "label": "right lung"}, {"x": 233, "y": 100, "width": 189, "height": 204, "label": "left lung"}], "18": [{"x": 61, "y": 109, "width": 181, "height": 265, "label": "right lung"}, {"x": 233, "y": 100, "width": 189, "height": 204, "label": "left lung"}], "19": [{"x": 233, "y": 100, "width": 189, "height": 204, "label": "left lung"}], "20": [{"x": 233, "y": 100, "width": 189, "height": 204, "label": "left lung"}], "21": [{"x": 192, "y": 232, "width": 157, "height": 112, "label": "cardiac silhouette"}], "22": [{"x": 41, "y": 63, "width": 197, "height": 405, "label": "right lung"}], "23": [{"x": 41, "y": 63, "width": 197, "height": 405, "label": "right lung"}, {"x": 262, "y": 63, "width": 215, "height": 409, "label": "left lung"}], "24": [{"x": 41, "y": 63, "width": 197, "height": 405, "label": "right lung"}, {"x": 150, "y": 198, "width": 83, "height": 128, "label": "right hilar structures"}, {"x": 262, "y": 63, "width": 215, "height": 409, "label": "left lung"}, {"x": 264, "y": 196, "width": 99, "height": 133, "label": "left hilar structures"}, {"x": 202, "y": 258, "width": 187, "height": 153, "label": "cardiac silhouette"}], "25": [{"x": 41, "y": 63, "width": 197, "height": 405, "label": "right lung"}, {"x": 262, "y": 63, "width": 215, "height": 409, "label": "left lung"}], "26": [{"x": 77, "y": 98, "width": 162, "height": 379, "label": "right lung"}, {"x": 269, "y": 98, "width": 160, "height": 352, "label": "left lung"}], "27": [{"x": 77, "y": 98, "width": 162, "height": 379, "label": "right lung"}, {"x": 269, "y": 98, "width": 160, "height": 352, "label": "left lung"}], "28": [{"x": 77, "y": 98, "width": 162, "height": 379, "label": "right lung"}, {"x": 269, "y": 98, "width": 160, "height": 352, "label": "left lung"}, {"x": 207, "y": 282, "width": 149, "height": 140, "label": "cardiac silhouette"}], "29": [{"x": 164, "y": 200, "width": 73, "height": 129, "label": "right hilar structures"}, {"x": 269, "y": 200, "width": 71, "height": 121, "label": "left hilar structures"}], "30": [{"x": 269, "y": 98, "width": 160, "height": 352, "label": "left lung"}], "31": [{"x": 207, "y": 282, "width": 149, "height": 140, "label": "cardiac silhouette"}], "32": [{"x": 39, "y": 95, "width": 205, "height": 238, "label": "right lung"}, {"x": 259, "y": 111, "width": 215, "height": 330, "label": "left lung"}, {"x": 149, "y": 260, "width": 260, "height": 169, "label": "cardiac silhouette"}], "33": [{"x": 39, "y": 95, "width": 205, "height": 238, "label": "right lung"}], "34": [{"x": 39, "y": 95, "width": 205, "height": 238, "label": "right lung"}, {"x": 139, "y": 207, "width": 93, "height": 58, "label": "right hilar structures"}, {"x": 259, "y": 111, "width": 215, "height": 330, "label": "left lung"}, {"x": 259, "y": 198, "width": 95, "height": 117, "label": "left hilar structures"}], "35": [{"x": 39, "y": 95, "width": 205, "height": 238, "label": "right lung"}, {"x": 259, "y": 111, "width": 215, "height": 330, "label": "left lung"}], "36": [{"x": 139, "y": 207, "width": 93, "height": 58, "label": "right hilar structures"}, {"x": 259, "y": 198, "width": 95, "height": 117, "label": "left hilar structures"}], "37": [{"x": 259, "y": 111, "width": 215, "height": 330, "label": "left lung"}], "38": [{"x": 63, "y": 63, "width": 164, "height": 254, "label": "right lung"}, {"x": 263, "y": 57, "width": 184, "height": 317, "label": "left lung"}], "39": [{"x": 63, "y": 63, "width": 164, "height": 254, "label": "right lung"}, {"x": 263, "y": 57, "width": 184, "height": 317, "label": "left lung"}], "40": [{"x": 63, "y": 63, "width": 164, "height": 254, "label": "right lung"}, {"x": 150, "y": 162, "width": 72, "height": 73, "label": "right hilar structures"}, {"x": 263, "y": 57, "width": 184, "height": 317, "label": "left lung"}, {"x": 266, "y": 157, "width": 79, "height": 103, "label": "left hilar structures"}], "41": [{"x": 63, "y": 63, "width": 164, "height": 254, "label": "right lung"}, {"x": 263, "y": 57, "width": 184, "height": 317, "label": "left lung"}], "42": [{"x": 170, "y": 223, "width": 216, "height": 124, "label": "cardiac silhouette"}], "43": [{"x": 5, "y": 47, "width": 231, "height": 378, "label": "right lung"}, {"x": 260, "y": 57, "width": 223, "height": 368, "label": "left lung"}], "44": [{"x": 5, "y": 47, "width": 231, "height": 378, "label": "right lung"}, {"x": 126, "y": 175, "width": 99, "height": 119, "label": "right hilar structures"}, {"x": 260, "y": 57, "width": 223, "height": 368, "label": "left lung"}, {"x": 260, "y": 175, "width": 99, "height": 119, "label": "left hilar structures"}], "45": [{"x": 126, "y": 175, "width": 99, "height": 119, "label": "right hilar structures"}, {"x": 260, "y": 175, "width": 99, "height": 119, "label": "left hilar structures"}, {"x": 161, "y": 249, "width": 283, "height": 155, "label": "cardiac silhouette"}], "46": [{"x": 161, "y": 249, "width": 283, "height": 155, "label": "cardiac silhouette"}], "47": [{"x": 161, "y": 249, "width": 283, "height": 155, "label": "cardiac silhouette"}], "48": [{"x": 87, "y": 61, "width": 195, "height": 379, "label": "right lung"}, {"x": 292, "y": 61, "width": 194, "height": 379, "label": "left lung"}], "49": [{"x": 87, "y": 61, "width": 195, "height": 379, "label": "right lung"}, {"x": 292, "y": 61, "width": 194, "height": 379, "label": "left lung"}], "50": [{"x": 191, "y": 125, "width": 88, "height": 151, "label": "right hilar structures"}, {"x": 295, "y": 125, "width": 88, "height": 151, "label": "left hilar structures"}, {"x": 220, "y": 210, "width": 222, "height": 221, "label": "cardiac silhouette"}], "51": [{"x": 5, "y": 73, "width": 206, "height": 345, "label": "right lung"}, {"x": 117, "y": 214, "width": 94, "height": 96, "label": "right hilar structures"}, {"x": 244, "y": 66, "width": 225, "height": 338, "label": "left lung"}, {"x": 249, "y": 214, "width": 102, "height": 89, "label": "left hilar structures"}, {"x": 172, "y": 246, "width": 182, "height": 135, "label": "cardiac silhouette"}], "52": [{"x": 5, "y": 73, "width": 206, "height": 345, "label": "right lung"}, {"x": 244, "y": 66, "width": 225, "height": 338, "label": "left lung"}], "53": [{"x": 29, "y": 57, "width": 191, "height": 267, "label": "right lung"}, {"x": 255, "y": 59, "width": 177, "height": 276, "label": "left lung"}], "54": [{"x": 29, "y": 57, "width": 191, "height": 267, "label": "right lung"}, {"x": 130, "y": 146, "width": 87, "height": 84, "label": "right hilar structures"}, {"x": 255, "y": 59, "width": 177, "height": 276, "label": "left lung"}, {"x": 255, "y": 146, "width": 85, "height": 89, "label": "left hilar structures"}, {"x": 171, "y": 210, "width": 215, "height": 121, "label": "cardiac silhouette"}], "55": [{"x": 29, "y": 57, "width": 191, "height": 267, "label": "right lung"}, {"x": 255, "y": 59, "width": 177, "height": 276, "label": "left lung"}], "56": [{"x": 29, "y": 57, "width": 191, "height": 267, "label": "right lung"}, {"x": 130, "y": 146, "width": 87, "height": 84, "label": "right hilar structures"}, {"x": 255, "y": 59, "width": 177, "height": 276, "label": "left lung"}, {"x": 255, "y": 146, "width": 85, "height": 89, "label": "left hilar structures"}], "57": [{"x": 171, "y": 210, "width": 215, "height": 121, "label": "cardiac silhouette"}], "58": [{"x": 52, "y": 54, "width": 189, "height": 345, "label": "right lung"}, {"x": 271, "y": 64, "width": 170, "height": 361, "label": "left lung"}], "59": [{"x": 52, "y": 54, "width": 189, "height": 345, "label": "right lung"}, {"x": 271, "y": 64, "width": 170, "height": 361, "label": "left lung"}], "60": [{"x": 52, "y": 54, "width": 189, "height": 345, "label": "right lung"}, {"x": 271, "y": 64, "width": 170, "height": 361, "label": "left lung"}], "61": [{"x": 52, "y": 54, "width": 189, "height": 345, "label": "right lung"}, {"x": 271, "y": 64, "width": 170, "height": 361, "label": "left lung"}], "62": [{"x": 148, "y": 164, "width": 90, "height": 112, "label": "right hilar structures"}, {"x": 274, "y": 162, "width": 80, "height": 123, "label": "left hilar structures"}, {"x": 203, "y": 230, "width": 178, "height": 151, "label": "cardiac silhouette"}], "63": [{"x": 35, "y": 4, "width": 217, "height": 405, "label": "right lung"}, {"x": 150, "y": 148, "width": 96, "height": 121, "label": "right hilar structures"}, {"x": 282, "y": 15, "width": 206, "height": 391, "label": "left lung"}, {"x": 282, "y": 148, "width": 94, "height": 121, "label": "left hilar structures"}], "64": [{"x": 35, "y": 4, "width": 217, "height": 405, "label": "right lung"}, {"x": 282, "y": 15, "width": 206, "height": 391, "label": "left lung"}], "65": [{"x": 35, "y": 4, "width": 217, "height": 405, "label": "right lung"}, {"x": 282, "y": 15, "width": 206, "height": 391, "label": "left lung"}], "66": [{"x": 35, "y": 4, "width": 217, "height": 405, "label": "right lung"}, {"x": 282, "y": 15, "width": 206, "height": 391, "label": "left lung"}, {"x": 214, "y": 210, "width": 192, "height": 146, "label": "cardiac silhouette"}], "67": [{"x": 150, "y": 148, "width": 96, "height": 121, "label": "right hilar structures"}, {"x": 282, "y": 148, "width": 94, "height": 121, "label": "left hilar structures"}], "68": [{"x": 214, "y": 210, "width": 192, "height": 146, "label": "cardiac silhouette"}], "69": [{"x": 82, "y": 27, "width": 255, "height": 320, "label": "right lung"}, {"x": 381, "y": 27, "width": 179, "height": 320, "label": "left lung"}], "70": [{"x": 82, "y": 27, "width": 255, "height": 320, "label": "right lung"}, {"x": 222, "y": 148, "width": 107, "height": 91, "label": "right hilar structures"}, {"x": 381, "y": 27, "width": 179, "height": 320, "label": "left lung"}, {"x": 389, "y": 148, "width": 107, "height": 91, "label": "left hilar structures"}, {"x": 252, "y": 214, "width": 236, "height": 138, "label": "cardiac silhouette"}], "71": [{"x": 82, "y": 27, "width": 255, "height": 320, "label": "right lung"}, {"x": 381, "y": 27, "width": 179, "height": 320, "label": "left lung"}], "72": [{"x": 82, "y": 27, "width": 255, "height": 320, "label": "right lung"}, {"x": 381, "y": 27, "width": 179, "height": 320, "label": "left lung"}], "73": [{"x": 73, "y": 43, "width": 160, "height": 393, "label": "right lung"}, {"x": 260, "y": 35, "width": 183, "height": 398, "label": "left lung"}], "74": [{"x": 73, "y": 43, "width": 160, "height": 393, "label": "right lung"}, {"x": 260, "y": 35, "width": 183, "height": 398, "label": "left lung"}], "75": [{"x": 160, "y": 170, "width": 68, "height": 126, "label": "right hilar structures"}, {"x": 260, "y": 170, "width": 80, "height": 123, "label": "left hilar structures"}, {"x": 210, "y": 236, "width": 157, "height": 140, "label": "cardiac silhouette"}], "76": [{"x": 79, "y": 116, "width": 146, "height": 288, "label": "right lung"}, {"x": 153, "y": 207, "width": 69, "height": 92, "label": "right hilar structures"}, {"x": 236, "y": 111, "width": 203, "height": 165, "label": "left lung"}, {"x": 238, "y": 217, "width": 105, "height": 25, "label": "left hilar structures"}, {"x": 181, "y": 237, "width": 90, "height": 121, "label": "cardiac silhouette"}], "77": [{"x": 79, "y": 116, "width": 146, "height": 288, "label": "right lung"}, {"x": 153, "y": 207, "width": 69, "height": 92, "label": "right hilar structures"}, {"x": 236, "y": 111, "width": 203, "height": 165, "label": "left lung"}, {"x": 238, "y": 217, "width": 105, "height": 25, "label": "left hilar structures"}], "78": [{"x": 79, "y": 116, "width": 146, "height": 288, "label": "right lung"}, {"x": 236, "y": 111, "width": 203, "height": 165, "label": "left lung"}], "79": [{"x": 181, "y": 237, "width": 90, "height": 121, "label": "cardiac silhouette"}], "80": [{"x": 181, "y": 237, "width": 90, "height": 121, "label": "cardiac silhouette"}], "81": [{"x": 8, "y": 57, "width": 214, "height": 272, "label": "right lung"}, {"x": 120, "y": 146, "width": 96, "height": 87, "label": "right hilar structures"}, {"x": 255, "y": 47, "width": 228, "height": 288, "label": "left lung"}, {"x": 258, "y": 146, "width": 104, "height": 89, "label": "left hilar structures"}], "82": [{"x": 8, "y": 57, "width": 214, "height": 272, "label": "right lung"}, {"x": 255, "y": 47, "width": 228, "height": 288, "label": "left lung"}], "83": [{"x": 8, "y": 57, "width": 214, "height": 272, "label": "right lung"}, {"x": 255, "y": 47, "width": 228, "height": 288, "label": "left lung"}], "84": [{"x": 60, "y": 224, "width": 316, "height": 141, "label": "cardiac silhouette"}], "85": [{"x": 60, "y": 73, "width": 186, "height": 340, "label": "right lung"}, {"x": 277, "y": 77, "width": 170, "height": 263, "label": "left lung"}], "86": [{"x": 60, "y": 73, "width": 186, "height": 340, "label": "right lung"}, {"x": 277, "y": 77, "width": 170, "height": 263, "label": "left lung"}], "87": [{"x": 60, "y": 73, "width": 186, "height": 340, "label": "right lung"}, {"x": 148, "y": 185, "width": 93, "height": 107, "label": "right hilar structures"}, {"x": 277, "y": 77, "width": 170, "height": 263, "label": "left lung"}, {"x": 277, "y": 189, "width": 85, "height": 71, "label": "left hilar structures"}, {"x": 172, "y": 267, "width": 198, "height": 151, "label": "cardiac silhouette"}], "88": [{"x": 277, "y": 77, "width": 170, "height": 263, "label": "left lung"}], "89": [{"x": 16, "y": 52, "width": 250, "height": 297, "label": "right lung"}, {"x": 150, "y": 166, "width": 108, "height": 87, "label": "right hilar structures"}, {"x": 282, "y": 61, "width": 198, "height": 274, "label": "left lung"}, {"x": 288, "y": 169, "width": 88, "height": 75, "label": "left hilar structures"}], "90": [{"x": 16, "y": 52, "width": 250, "height": 297, "label": "right lung"}, {"x": 282, "y": 61, "width": 198, "height": 274, "label": "left lung"}], "91": [{"x": 16, "y": 52, "width": 250, "height": 297, "label": "right lung"}, {"x": 150, "y": 166, "width": 108, "height": 87, "label": "right hilar structures"}, {"x": 282, "y": 61, "width": 198, "height": 274, "label": "left lung"}, {"x": 288, "y": 169, "width": 88, "height": 75, "label": "left hilar structures"}], "92": [{"x": 16, "y": 52, "width": 250, "height": 297, "label": "right lung"}, {"x": 282, "y": 61, "width": 198, "height": 274, "label": "left lung"}], "93": [{"x": 16, "y": 52, "width": 250, "height": 297, "label": "right lung"}, {"x": 282, "y": 61, "width": 198, "height": 274, "label": "left lung"}], "94": [{"x": 178, "y": 210, "width": 239, "height": 121, "label": "cardiac silhouette"}], "95": [{"x": 178, "y": 210, "width": 239, "height": 121, "label": "cardiac silhouette"}]}